test,n,m,avg_deg,max_deg
as20000102,6474,12572,3.88384,1458
cl-12-0,3727,12363,6.63429,45
cl-12-1,3757,12458,6.63189,49
clh-12-0,3932,12009,6.10834,41
clh-12-1,3852,11819,6.13655,47
cond-mat,16264,47594,5.85268,107
fvs001,5848,14647,5.00923,173
fvs022,11174,23409,4.18991,2389
fvs040,10729,21999,4.10085,2315
fvs045,14842,24571,3.31101,71
fvs074,10670,22002,4.12409,2312
fvs080,5420,10445,3.85424,1210
hep-th,7610,15751,4.13955,50
p2p-Gnutella04,10876,39994,7.35454,103
planar10000,9879,21000,4.25144,150
planar12000,11544,21000,3.63825,287
planar15000,13729,21000,3.05922,197
planar7002,7002,21000,5.99829,224
planar8500,8477,21000,4.95458,251
polblogs,1224,16715,27.3121,351
sb-12-0,4081,12377,6.06567,18
sb-12-1,4080,12359,6.05833,16
DSJC1000,1001,49630,99.1608,127
DSJC1000,1001,249827,499.155,551
DSJC1000,1001,449450,898.002,924
DSJC250,251,15669,124.853,147
DSJC250,251,27898,222.295,234
DSJC500,501,12459,49.7365,68
DSJC500,501,62625,250,286
DSJC500,501,112438,448.854,471
DSJR500,501,121276,484.136,497
DSJR500,501,58863,234.982,388
flat1000_50_0,1001,245001,489.512,520
flat1000_60_0,1001,245831,491.171,524
flat1000_76_0,1001,246709,492.925,532
flat300_20_0,301,21376,142.033,160
flat300_26_0,301,21634,143.748,158
flat300_28_0,301,21696,144.159,162
fpsol2,270,11655,86.3333,252
inithx,520,18708,71.9538,502
inithx,559,13980,50.0179,541
inithx,560,13970,49.8929,542
latin_square_10,901,307351,682.244,684
le450_15c,451,16681,73.9734,139
le450_15d,451,16751,74.2838,138
le450_25c,451,17344,76.9135,179
le450_25d,451,17426,77.2772,157
school1,386,19096,98.943,282
school1_nsh,353,14613,82.7932,232
AS-oregon-1,11174,23409,4.18991,2389
AS-oregon-2,11461,32730,5.71154,2432
EU-email-core,986,16064,32.5842,345
JDK_dependency,6434,53658,16.6795,5923
JUNG-javax,6120,50290,16.4346,5655
ODLIS,2900,16377,11.2945,592
advogato,5155,39285,15.2415,803
as20000102,6474,12572,3.88384,1458
bahamas,219856,246291,2.24048,14902
bitcoin-otc-positive,5573,18591,6.67181,788
bn-mouse_retina_1,1076,90811,168.794,744
ca-CondMat,23133,93439,8.07842,279
ca-HepPh,12006,118489,19.7383,491
chess,7301,55899,15.3127,181
cit-HepPh,34546,420877,24.3662,846
cit-HepTh,27769,352285,25.3725,2468
cora_citation,23166,89157,7.69723,377
digg,30360,85155,5.60968,283
edinburgh_associative_thesaurus,23132,297094,25.6868,1062
email-Enron,36692,183831,10.0202,1383
foldoc,13356,91471,13.6974,728
iscas89-s35932,12515,15961,2.5507,1440
iscas89-s38417,9500,10636,2.23916,39
iscas89-s38584,9193,12573,2.73534,54
lederberg,8324,41532,9.97886,1103
linux,30834,213217,13.83,9338
loc-brightkite_edges,58228,214078,7.35309,1134
marvel,19428,96662,9.95079,1625
mousebrain,213,16089,151.07,205
openflights,2939,15677,10.6683,242
p2p-Gnutella04,10876,39994,7.35454,103
polblogs,1224,16715,27.3121,351
ratbrain,503,23030,91.5706,497
reactome,6229,146160,46.9289,855
soc-Epinions1,75879,405740,10.6944,3044
soc-Slashdot0811,77360,469180,12.1298,2539
soc-advogato,5167,39432,15.263,807
soc-gplus,23628,39195,3.31767,2761
soc-hamsterster,2426,16630,13.7098,273
twittercrawl,3656,154824,84.6958,1084
web-california,6175,15969,5.17215,199
wikipedia-norm,1881,15372,16.3445,455
zewail,6651,54183,16.2932,331
out,5155,39285,15.2415,803
out,10680,24316,4.55356,205
out,6474,12572,3.88384,1458
out,906,10429,23.0221,368
out,23628,39195,3.31767,2761
out,23370,32832,2.80976,238
out,10106,39016,7.72135,311
out,1224,16715,27.3121,351
out,2539,10455,8.23553,27
out,16528,43734,5.29211,2066
out,3425,19256,11.2444,248
out,2939,15677,10.6683,242
out,1899,13838,14.574,255
out,1574,17215,21.8742,314
out,1858,12534,13.4919,272
out,2426,16631,13.7106,273
145bit,1002,11252,22.4591,510
162bit,3606,37070,20.5602,1905
3elt,4720,13722,5.81441,9
3elt_dual,9000,13278,2.95067,3
Alemdar,6240,18168,5.82308,9
CAG_mat364,364,10474,57.5494,221
California,6175,15969,5.17215,199
Chebyshev2,2053,12294,11.9766,2052
Chebyshev3,4101,24582,11.9883,4100
D_7,1270,12635,19.8976,70
D_8,1268,14861,23.4401,40
D_9,1133,12308,21.7264,45
EX4,2600,35880,27.6,30
Franz2,4480,21488,9.59286,14
Franz3,2800,11518,8.22714,41
Franz4,6784,46457,13.696,43
Franz5,7382,43916,11.8981,76
Franz6,7576,45242,11.9435,44
Franz7,10162,40421,7.95532,88
Freescale1,39344,40602,2.06395,11
G1,800,19176,47.94,67
G10,800,19176,47.94,70
G2,800,19176,47.94,66
G22,2000,19990,19.99,37
G23,2000,19990,19.99,36
G24,2000,19990,19.99,38
G25,2000,19990,19.99,39
G26,2000,19990,19.99,40
G27,2000,19990,19.99,37
G28,2000,19990,19.99,35
G29,2000,19990,19.99,38
G3,800,19176,47.94,69
G30,2000,19990,19.99,39
G31,2000,19990,19.99,40
G35,2000,11778,11.778,210
G36,2000,11766,11.766,326
G37,2000,11785,11.785,279
G38,2000,11779,11.779,249
G39,2000,11778,11.778,210
G4,800,19176,47.94,75
G40,2000,11766,11.766,326
G41,2000,11785,11.785,279
G42,2000,11779,11.779,249
G5,800,19176,47.94,70
G55,4969,12498,5.03039,15
G56,4969,12498,5.03039,15
G58,5000,29570,11.828,561
G59,5000,29570,11.828,561
G6,800,19176,47.94,67
G60,6957,17148,4.92971,14
G61,6957,17148,4.92971,14
G62,7000,14000,4,4
G63,7000,41459,11.8454,589
G64,7000,41459,11.8454,589
G65,8000,16000,4,4
G66,9000,18000,4,4
G67,10000,20000,4,4
G7,800,19176,47.94,66
G8,800,19176,47.94,69
G9,800,19176,47.94,75
GL7d12,8868,37520,8.46189,132
GL7d21,7232,23020,6.36615,21
Hamrle2,5952,22143,7.44052,13
IG5-10,975,10273,21.0728,125
IG5-11,1692,22111,26.1359,171
IG5-12,2874,46260,32.1921,289
Kaufhold,8558,16853,3.93854,27
Kohonen,3772,12718,6.74337,740
L-9,17983,35596,3.95885,4
LF10000,19998,39992,3.9996,4
LFAT5000,19994,29986,2.9995,4
Lederberg,8324,41532,9.97886,1103
Maragal_3,1687,18246,21.6313,475
Maragal_4,1964,26383,26.8666,611
ODLIS,2900,16377,11.2945,592
Oregon-1,11174,23409,4.18991,2389
Oregon-2,11461,32730,5.71154,2432
PGPgiantcompo,10680,24316,4.55356,205
SciMet,2729,10399,7.62111,164
TF13,1302,11045,16.9662,41
TF14,3160,29668,18.7772,54
TS,2138,23609,22.0851,23
TSOPF_FS_b9_c1,2453,12201,9.94782,1209
TSOPF_RS_b9_c6,7224,43246,11.9729,3603
Trec11,1138,35616,62.594,331
Trefethen_2000,2000,19953,19.953,21
advogato,5155,39285,15.2415,803
aircraft,7517,20258,5.38992,757
airfoil1,4253,12289,5.77898,9
airfoil1_dual,8034,11813,2.94075,3
arenas-pgp,10680,24316,4.55356,205
as-735,6474,12572,3.88384,1458
as20000102,6474,12572,3.88384,1458
aug2d,29008,38416,2.64865,4
aug2dc,30200,40000,2.64901,4
aug3d,24300,34992,2.88,6
barth,6691,19748,5.90285,12
barth4,6019,17473,5.80595,12
barth5,15606,45878,5.87953,10
bayer05,3268,27741,16.9774,102
bayer06,3008,27481,18.2719,102
bayer07,3268,27741,16.9774,102
bayer08,3008,27481,18.2719,102
bayer09,3083,20988,13.6153,70
bcsstk10,1086,10492,19.3223,26
bcsstk11,1473,16384,22.2458,32
bcsstk12,1473,16384,22.2458,32
bcsstk13,2003,40940,40.8787,94
bcsstk14,1766,30824,34.9083,47
bcsstk21,3600,11500,6.38889,8
bcsstk23,3134,21022,13.4154,30
bcsstk26,1922,14207,14.7836,32
bcsstk27,1224,27451,44.8546,53
bcsstk34,588,10415,35.4252,46
bcsstm10,1086,10503,19.3425,26
bcsstm27,1224,27451,44.8546,53
bcsstm34,588,11841,40.2755,53
beacxc,493,42176,171.099,490
beaflw,502,44900,178.884,495
beause,507,39428,155.535,501
bibd_13_6,1716,25613,29.852,345
bibd_17_4,2380,14265,11.9874,111
bibd_17_4b,2380,14265,11.9874,111
big,13209,39128,5.92445,11
big_dual,30269,44929,2.96865,3
biplane-9,21701,42038,3.87429,4
bips07_1693,12740,23438,3.67943,131
bips07_1998,14244,28618,4.01825,197
bips07_2476,16083,31158,3.87465,197
bips07_3078,20348,36373,3.57509,28
bips98_1142,9275,18885,4.07224,111
bips98_1450,10766,20940,3.89002,131
bips98_606,6594,15190,4.60722,111
bloweybq,10001,29995,5.9984,10000
c-21,3509,14324,8.16415,450
c-22,3792,12540,6.61392,207
c-23,3969,13555,6.83044,654
c-24,4119,15790,7.66691,231
c-25,3797,22919,12.0722,599
c-26,4307,15115,7.01881,437
c-27,4563,13406,5.87596,368
c-28,4598,12996,5.65289,385
c-29,5033,19349,7.68885,480
c-30,5321,30186,11.346,2109
c-31,5339,36616,13.7164,457
c-32,5975,24248,8.11649,1985
c-33,6317,24903,7.88444,985
c-34,6611,28861,8.73121,861
c-35,6537,28177,8.62077,963
c-36,7479,29231,7.81682,673
c-37,8204,33236,8.10239,651
c-38,8127,34781,8.55937,888
c-40,9941,35780,7.19847,1618
c-41,9769,45988,9.41509,938
c-44,10728,37136,6.92319,779
ca-GrQc,5241,14484,5.52719,81
ca-HepTh,9875,25973,5.26035,65
cage9,3534,19030,10.7697,22
cat_ears_3_4,13271,39561,5.96202,19
cavity05,1182,17447,29.5212,61
cavity06,1182,17447,29.5212,61
cavity07,1182,17447,29.5212,61
cavity08,1182,17447,29.5212,61
cavity09,1182,17447,29.5212,61
cavity10,2597,39557,30.4636,61
cavity11,2597,39557,30.4636,61
cavity12,2597,39557,30.4636,61
cavity13,2597,39557,30.4636,61
cavity14,2597,39557,30.4636,61
cegb3024,2996,38426,25.6515,67
cegb3306,3222,35847,22.2514,53
cell1,7055,13941,3.95209,4
cell2,7055,13941,3.95209,4
ch,8273,23752,5.74205,74
ch6-6-b3,5400,21591,7.99667,14
ch6-6-b4,5400,21547,7.98037,10
ch7-6-b2,4200,12588,5.99429,24
ch7-6-b5,15120,30239,3.99987,9
ch7-7-b2,7350,22034,5.99565,29
ch7-8-b2,11760,35258,5.99626,34
circuit_1,2624,16624,12.6707,2570
circuit_3,11941,22274,3.73068,5693
cis-n4c6-b14,6300,13797,4.38,21
cis-n4c6-b3,5970,23297,7.80469,23
coPapersDBLP,26836,45647,3.40192,27
coater1,1348,13514,20.0504,56
commanche_dual,7920,11880,3,3
complex,1408,46326,65.804,520
cond-mat,16264,47594,5.85268,107
cora_agm_fcl_aid,10237,31482,6.15063,349
coupled,11341,43603,7.68945,3089
crack,10240,30380,5.93359,9
crack_dual,20141,30043,2.98327,3
crew1,6469,46922,14.5067,779
cryg10000,10000,19900,3.98,5
cs4,22499,43858,3.89866,4
data,2851,15093,10.5879,17
delaunay_n12,4096,12264,5.98828,14
delaunay_n13,8192,24547,5.99292,12
delf,5978,15397,5.15122,27
descriptor_xingo6u,19950,35475,3.55639,33
deter0,5468,11157,4.08083,35
deter1,15737,32177,4.08934,57
deter2,17313,35726,4.12707,99
deter3,21777,44541,4.09065,91
deter4,9133,19227,4.21045,89
deter5,14529,29708,4.08948,67
deter6,12113,24766,4.08916,59
deter7,18153,37123,4.09001,79
deter8,10905,22293,4.08858,55
df2177,10358,21707,4.19135,37
dtoc,24993,34986,2.79966,4
dw4096,8146,17251,4.23545,8
dw8192,8192,17404,4.24902,8
dwt_2680,2680,11173,8.33806,18
ego-gplus,23628,39194,3.31759,2761
ego-twitter,23370,32831,2.80967,238
escorts,10106,39016,7.72135,311
europe_osm,35632,32996,1.85204,5
eurqsa,7245,20509,5.66156,37
ex10,2410,26215,21.7552,49
ex10hs,2548,27380,21.4914,49
ex12,3973,38119,19.189,36
ex13,2568,36530,28.4502,49
ex14,3251,31762,19.5398,36
ex15,6867,45902,13.3689,17
ex18,5669,33016,11.6479,17
ex20,2203,33889,30.7662,66
ex22,839,10938,26.0739,61
ex23,1409,21147,30.017,66
ex24,2283,23227,20.3478,45
ex25,848,11882,28.0236,61
ex26,2163,45935,42.4734,135
ex27,974,19904,40.8706,205
ex28,2603,37589,28.8813,61
ex29,2691,10442,7.76068,8
ex3,1821,25432,27.9319,61
ex33,1733,10228,11.8038,17
ex36,3079,25382,16.4872,36
ex37,1914,32013,33.4514,84
ex7,1633,26455,32.4005,74
extr1,2837,11380,8.02256,20
extr1b,2836,11379,8.02468,20
fd12,7500,28458,7.5888,14
fd15,11532,44206,7.66667,14
fe_4elt2,11143,32818,5.89033,12
flower_4_4,5529,16429,5.94285,18
flower_5_4,14721,43926,5.9678,18
flowmeter0,9669,28861,5.9698,10
flowmeter5,9669,28861,5.9698,10
ford1,18728,41424,4.42375,19
fv1,9604,37830,7.87797,8
fv2,9801,38612,7.8792,8
fv3,9801,38612,7.8792,8
fxm2-16,7335,32973,8.99059,68
fxm2-6,2845,12813,9.00738,72
fxm3_6,5026,44500,17.7079,128
g7jac010,2880,16160,11.2222,48
g7jac010sc,2880,16160,11.2222,48
g7jac020,5850,38390,13.1248,78
g7jac020sc,5850,38390,13.1248,78
garon1,3175,42876,27.0085,44
ge,16369,44600,5.44933,52
gemat1,10595,47344,8.93705,4932
gemat11,4928,33150,13.4537,47
gemat12,4929,33078,13.4218,46
geom,6158,11898,3.86424,102
great-britain_osm,34354,32768,1.90767,5
hep-th,7610,15751,4.13955,50
hugetrace-00000,34944,35584,2.03663,3
hydr1,5308,23701,8.93029,33
hydr1c,5308,23701,8.93029,33
jan99jac020,6774,31858,9.40596,167
jan99jac020sc,6774,31858,9.40596,167
kneser_8_3_1,15737,47032,5.97725,14
large,7774,20636,5.30898,33
lhr01,1477,18499,25.0494,69
lhr02,2954,37020,25.0643,69
linverse,11999,41989,6.99875,8
lns_3937,3929,12771,6.50089,12
lnsp3937,3929,12771,6.50089,12
lock1074,1038,25275,48.6994,95
lock2232,2208,39072,35.3913,47
lock_700,691,10742,31.0912,59
lp_25fv47,1876,10693,11.3998,341
lp_80bau3b,11909,21003,3.52725,112
lp_bnl2,4486,14968,6.67321,88
lp_cre_a,7248,14985,4.13493,359
lp_cre_c,6411,13241,4.13071,316
lp_cycle,3371,21234,12.598,77
lp_czprob,3562,10706,6.01123,418
lp_d2q06c,5831,33057,11.3384,152
lp_d6cube,6184,37682,12.1869,6183
lp_degen3,2604,25247,19.3909,206
lp_dfl001,12230,35629,5.82649,232
lp_fit1d,1049,13427,25.5996,1028
lp_greenbea,5598,31065,11.0986,276
lp_greenbeb,5598,31065,11.0986,276
lp_maros,1966,10127,10.3021,167
lp_nug12,8856,38287,8.64657,36
lp_pds_02,7716,16565,4.29368,94
lp_pilot,4860,44325,18.2407,266
lp_pilot_ja,2267,14969,13.206,227
lp_pilotnov,2446,13331,10.9002,230
lp_qap12,8856,38284,8.64589,36
lp_ship08l,4363,12876,5.90236,91
lp_ship12l,5533,16270,5.88108,81
lp_truss,8806,27831,6.32092,36
lp_woodw,8418,37413,8.88881,1481
lpi_ceria3d,4400,17602,8.00091,967
lpi_cplex1,5224,10946,4.19066,1501
lpi_gran,2624,19956,15.2104,105
lpi_greenbea,5596,31071,11.1047,276
lpi_klein3,1082,12108,22.3808,275
lpl2,10881,32230,5.92409,137
lshp3466,3466,10215,5.8944,6
lutz30-23-b6,3003,12003,7.99401,13
mark3jac020,9129,45314,9.92748,60
mark3jac020sc,9129,45314,9.92748,60
mark3jac140,3490,15989,9.16275,60
mbeacxc,487,41686,171.195,485
mbeaflw,487,41686,171.195,485
mbeause,492,36209,147.191,490
mcfe,765,15358,40.1516,109
meg4,5860,20518,7.00273,1193
mhd1280a,1266,26130,41.2796,65
mhd1280b,1266,10749,16.981,31
mhd3200a,3193,41175,25.7908,37
mhd4800b,4793,11360,4.74025,9
mimo28x28_system,12723,23252,3.65511,31
mimo46x46_system,12722,23251,3.65524,31
mimo8x8_system,12777,23329,3.65172,31
mk10-b3,4725,18886,7.99407,11
mk11-b2,6930,20777,5.99625,25
mk11-b4b,17325,47219,5.45097,9
mk12-b2,13860,41571,5.9987,32
model3,4565,23973,10.503,215
model4,4962,45731,18.4325,497
model6,5289,27571,10.4258,280
model8,6464,25230,7.80631,72
movielens-10m_ut,16528,43734,5.29211,2066
msc00726,726,16896,46.5455,87
msc01050,1050,14053,26.7676,127
msc01440,1440,22415,31.1319,44
msc04515,4515,46596,20.6405,26
n2c6-b4,3003,14488,9.64902,17
n2c6-b5,4945,29639,11.9875,17
n2c6-b6,5715,39881,13.9566,17
n2c6-b7,5715,31873,11.1542,16
n2c6-b8,3990,13222,6.62757,16
n3c6-b4,3003,14488,9.64902,17
n3c6-b5,5005,29008,11.5916,17
n3c6-b6,6435,43509,13.5226,17
n3c6-b7,6435,25740,8,8
n3c6-b8,6435,44347,13.7831,17
n3c6-b9,4935,25078,10.1633,16
n4c5-b4,2852,14242,9.98738,17
n4c5-b5,4340,25988,11.976,17
n4c5-b6,4735,33021,13.9476,16
n4c5-b7,4735,29035,12.264,17
n4c5-b8,3635,17021,9.36506,16
n4c6-b14,6300,13797,4.38,21
n4c6-b3,5970,23297,7.80469,23
nasa1824,1824,18692,20.4956,41
nasa2146,2146,35052,32.6673,35
ncvxqp1,12111,33426,5.51994,14
ncvxqp9,16000,22493,2.81163,8
nl,15317,46035,6.01097,151
nopoly,10774,30034,5.57527,10
nopss_11k,11197,21059,3.76154,29
opsahl-openflights,2939,15677,10.6683,242
opsahl-ucsocial,1899,13838,14.574,255
opsahl-usairport,1574,17215,21.8742,314
p2p-Gnutella04,10876,39994,7.35454,103
p2p-Gnutella05,8846,31839,7.19851,88
p2p-Gnutella06,8717,31525,7.23299,115
p2p-Gnutella08,6301,20777,6.59483,97
p2p-Gnutella09,8114,26013,6.41188,102
p6000,7945,17731,4.46344,5850
para-10,11243,33890,6.02864,143
para-5,11157,33375,5.98279,143
para-6,11142,33290,5.97559,143
para-7,11139,33274,5.97432,143
para-8,11278,34139,6.05409,143
para-9,11239,33864,6.02616,143
pcb1000,2820,20396,14.4652,1500
pesa,11738,33914,5.7785,9
petster-friendships-hamster,1858,12534,13.4919,272
petster-hamster,2426,16631,13.7106,273
pf2177,10044,30985,6.16985,40
pgp2,13254,18441,2.78271,578
photogrammetry,1388,11769,16.9582,81
photogrammetry2,4472,37004,16.5492,153
plat1919,1919,15240,15.8833,18
plbuckle,1282,14681,22.9033,43
plddb,5049,10839,4.29352,18
polblogs,1224,16715,27.3121,351
poli3,16946,20841,2.4597,345
poli4,33795,39308,2.32626,303
poli_large,15575,17468,2.24308,492
powersim,15838,36430,4.60033,40
primagaz,10836,20116,3.71281,1550
qc324,324,13203,81.5,82
qpband,20000,15000,1.5,3
radfr1,1048,12856,24.5344,54
rail_5177,5177,15004,5.79641,10
rajat01,6769,18422,5.44305,1441
rajat03,7602,12551,3.30203,51
rajat06,10922,18061,3.30727,61
rajat07,14842,24571,3.31101,71
rajat08,19362,32081,3.31381,81
rajat09,24482,40591,3.31599,91
rajat13,7598,20665,5.43959,5411
rajat27,20540,42239,4.11285,1801
rajat30,27317,47178,3.45411,3569
rbsa480,480,16408,68.3667,151
rbsb480,480,16400,68.3333,149
rdb5000,5000,12300,4.92,5
rel9,28686,40152,2.79941,144
rkat7_mat5,738,36255,98.252,336
road_usa,32947,24349,1.47807,5
robot24c1_mat5,404,14261,70.599,213
robot24c1_mat5_J,404,14261,70.599,204
rosen1,1544,23274,30.1477,975
rosen2,3080,46504,30.1974,1946
rosen8,1544,15538,20.1269,975
rw5151,5151,15248,5.9204,7
scagr7-2b,13847,35882,5.18264,1794
sctap1-2c,7458,21835,5.85546,174
seymourl,6316,33550,10.6238,273
shar_te2-b1,17160,34315,3.99942,122
sherman2,1050,14630,27.8667,41
sherman5,1638,11025,13.4615,20
shermanACa,3432,20004,11.6573,2497
shermanACd,6136,43606,14.2132,5180
shuttle_eddy,10429,46585,8.93374,26
shyy41,4720,10801,4.57669,6
sit100,10262,26952,5.25278,9
stoch_aircraft,7517,20258,5.38992,757
stomach,6982,46201,13.2343,21
stormg2-8,11322,28249,4.99011,52
sts4098,4098,34129,16.6564,783
stufe-10,24010,46414,3.86622,4
t2d_q4,9801,38612,7.8792,8
t2d_q9,9801,38612,7.8792,8
t2dal,4257,16604,7.8008,8
t2dal_a,4257,16604,7.8008,8
t2dal_bci,4257,16604,7.8008,8
thermal,3456,31536,18.25,26
tomography,464,14113,60.8319,334
tuma1,22967,37200,3.23943,5
tuma2,12992,20925,3.22121,5
utm1700b,1700,14626,17.2071,28
utm3060,3060,28880,18.8758,28
viscoplastic1,4326,35786,16.5446,60
wb-cs-stanford,9426,27427,5.81944,340
ca-CondMat,23133,186878,16.1568,279
ca-HepPh,12006,236978,39.4766,491
cit-HepPh,34546,421534,24.4042,846
cit-HepTh,27769,352768,25.4073,2468
cl-14-0,14925,49408,6.62084,51
clh-14-0,15470,48130,6.22237,51
email-Enron,36692,367662,20.0404,1383
fvs037,20588,91241,8.86351,624
fvs041,17758,54196,6.10384,573
loc-brightkite_edges,58228,428156,14.7062,1134
planar50002,50002,150000,5.99976,649
planar70000,69205,150000,4.33495,557
sb-14-0,16330,49505,6.06307,19
soc-Epinions1,75879,508837,13.4118,3044
soc-Slashdot0811,77360,469180,12.1298,2539
twittercrawl,3656,154824,84.6958,1084
facebook-links,63731,817090,25.6418,1098
movielens_1m,6040,987091,326.851,3457
offshore,278877,505965,3.62859,37336
panama,556686,702437,2.52364,7015
paradise,542102,794545,2.93135,35359
out,26475,53381,4.03256,2628
out,204673,453138,4.42792,21488
out,185954,433638,4.66393,8528
out,18771,198050,21.1017,504
out,15763,148585,18.8524,11401
out,7301,55899,15.3127,181
out,34546,420877,24.3662,846
out,27769,352285,25.3725,2468
out,12591,49620,7.88182,709
out,258770,463488,3.58224,24824
out,172079,293672,3.41322,12190
out,127575,250937,3.93395,17998
out,138841,207262,2.9856,513
out,168277,233271,2.77246,7448
out,81085,281374,6.94022,326
out,89356,144330,3.23045,247
out,270771,481655,3.55766,128069
out,154908,327162,4.22395,287
out,23132,297094,25.6868,1062
out,133449,386890,5.79832,48728
out,159990,354105,4.42659,40514
out,93445,238421,5.10292,16713
out,27754,67579,4.86986,7102
out,25042,68675,5.48479,10991
out,7115,100693,28.3044,1065
out,265009,364481,2.75071,7636
out,86978,297456,6.8398,1726
out,45813,183413,8.00703,223
out,13356,91471,13.6974,728
out,120865,439858,7.2785,3691
out,30834,213217,13.83,9338
out,26885,159996,11.9023,2989
out,58228,214078,7.35309,1134
out,79116,467731,11.8239,2534
out,16528,71067,8.59959,640
out,7601,55384,14.5728,1638
out,30360,85155,5.60968,283
out,22015,58585,5.32228,119
out,62586,147892,4.72604,95
out,82035,447715,10.9152,10477
out,6229,146160,46.9289,855
out,51083,116573,4.56406,2915
out,75879,405740,10.6944,3044
out,23166,89157,7.69723,377
out,6434,53658,16.6795,5923
out,6120,50290,16.4346,5655
out,34761,107720,6.19775,2760
out,94238,293331,6.22532,7593
ASIC_680ks,43445,51216,2.35774,197
Chem97Zt,31022,62041,3.99981,971
FA,10617,63788,12.0162,332
aa4,7195,52091,14.4798,410
aa5,8308,65918,15.8686,359
aa6,7292,51701,14.1802,366
abtaha1,14596,51283,7.02699,341
aft01,8205,58681,14.3037,20
aft02,8184,59789,14.6112,81
air02,6774,61529,18.1662,3733
air05,7195,52091,14.4798,410
as-22july06,22963,48436,4.21861,2390
as-caida,26475,53381,4.03256,2628
as-caida20071105,26475,53381,4.03256,2628
aug3dcqp,35327,49979,2.82951,9
bauru5727,33377,54991,3.29514,33
bayer02,13935,63615,9.13025,48
bayer03,6747,56099,16.6293,76
bcsstk15,3942,56934,28.8858,43
bcsstk18,11214,68571,12.2295,48
bibd_49_3,18424,55269,5.99967,50
bloweybl,30002,49999,3.33304,10001
bodyy4,17546,52196,5.94962,8
bodyy5,18589,55346,5.9547,8
bodyy6,19366,57691,5.95797,8
c-39,9271,63770,13.7569,667
c-42,10471,49907,9.53242,1281
c-43,11125,56275,10.1169,2619
c-46,14913,57742,7.74385,1396
c-49,21132,67955,6.43148,1531
ca-opsahl-collaboration,22015,58585,5.32228,119
cage10,11397,69624,12.218,24
car4,32993,63665,3.8593,112
cca,49152,69632,2.83333,3
ch7-6-b3,12600,50388,7.9981,17
ch7-9-b2,17640,52909,5.99875,39
ch8-8-b2,18816,56437,5.99883,40
co5,12286,56584,9.21113,423
comsol,1500,48119,64.1587,179
conf5_0-4x4-10,3072,64512,42,42
conf5_0-4x4-14,3072,64512,42,42
conf5_0-4x4-18,3072,64512,42,42
conf5_0-4x4-22,3072,64512,42,42
conf5_0-4x4-26,3072,64512,42,42
conf6_0-4x4-20,3072,64512,42,42
conf6_0-4x4-30,3072,64512,42,42
cq5,11725,50326,8.58439,392
crystm01,4875,50232,20.608,26
cti,16840,48232,5.72827,6
cvxqp3,17500,52481,5.99783,16
dblp-cite,12591,49620,7.88182,709
delaunay_n14,16384,49122,5.99634,16
edit-enwikibooks,8379,51333,12.2528,3323
edit-frwikibooks,27754,67579,4.86986,7102
edit-frwikinews,25042,68675,5.48479,10991
epb1,14734,51027,6.92643,8
ex31,3909,55724,28.5106,74
ex3sta1,17516,68764,7.85156,54
ex8,3096,51624,33.3488,74
ex9,3363,48054,28.5781,49
fd18,16428,63405,7.71914,14
fe_sphere,16386,49152,5.99927,6
fs-FA,10617,63788,12.0162,332
gen,2561,61253,47.8352,1584
gen1,2561,61253,47.8352,1584
hvdc1,24842,68806,5.53949,182
jan99jac040,13694,69028,10.0815,167
jan99jac040sc,13694,69028,10.0815,167
juba40k,38824,69297,3.5698,33
l30,16281,52071,6.39654,36
lasagne-spanishbook,12643,55019,8.70347,5169
lp22,16392,65561,7.99915,81
lp_fit2p,13525,50158,7.41708,2999
lp_ken_11,21349,49053,4.59534,125
lp_pds_06,29351,63219,4.30779,99
lp_wood1p,2595,69837,53.8243,2592
lpi_bgindy,10880,66249,12.1781,1176
meg1,2904,58046,39.9766,493
memchip,37595,69632,3.70432,6
memplus,17758,54196,6.10384,573
mhd4800a,4793,61886,25.8235,37
misc-jung-code-dep,6120,50290,16.4346,5655
mk11-b3,17325,69289,7.99873,15
mk11-b4,17325,51971,5.99954,9
mk12-b5,62098,62093,1.99984,8
model7,9560,51026,10.6749,254
model9,10935,55912,10.2262,217
movielens-10m_ui,7601,55384,14.5728,1638
mplate,5962,68114,22.8494,35
nasa4704,4704,50026,21.2696,41
nemspmm1,8903,55835,12.543,416
nemspmm2,8734,68224,15.6226,635
p05,9581,53955,11.2629,500
p2p-Gnutella24,26518,65369,4.93016,355
p2p-Gnutella25,22687,54705,4.82259,66
pcb3000,7732,57427,14.8544,6084
pds10,16558,66550,8.03841,96
piston,2025,48995,48.3901,62
psse1,14318,57356,8.01173,42
rail_20209,20209,59512,5.88965,10
rajat10,30202,50101,3.31773,101
rdist2,3198,55428,34.6642,80
rdist3a,2398,57119,47.6389,120
rel7,12771,50613,7.92624,98
rosen10,6152,62136,20.2003,3885
scrs8-2r,27691,58439,4.22079,2056
se,32768,48856,2.98193,4
stokes64,12546,65792,10.4881,12
stokes64s,12546,65792,10.4881,12
subelj_jdk,6434,53658,16.6795,5923
subelj_jung-j,6120,50290,16.4346,5655
ted_B,6363,66987,21.0552,48
ted_B_unscaled,6363,66987,21.0552,48
testbig,31223,61631,3.94779,805
utm5940,5940,57295,19.2912,29
airlines,235,1297,11.0383,130
celegans,297,2148,14.4646,134
cl-10-0,933,3046,6.52947,38
cl-10-1,930,2960,6.36559,37
cl-10-2,943,3141,6.66172,39
clh-10-0,980,2922,5.96327,32
clh-10-1,965,2869,5.94611,30
clh-10-2,965,2922,6.05596,30
codeminer,724,1015,2.80387,55
cpan-authors,839,2112,5.03456,327
cpan-distributions,2719,5016,3.68959,509
diseasome,1419,2738,3.85906,84
fvs004,270,1726,12.7852,130
fvs008,1846,2203,2.38678,56
fvs014,1782,8581,9.63075,132
fvs021,1846,2203,2.38678,56
fvs023,335,1025,6.1194,16
fvs052,1624,2213,2.72537,13
fvs056,1723,2394,2.77887,14
fvs078,3120,3684,2.36154,9
netscience,1461,2742,3.75359,34
planar1302,1302,3900,5.99078,110
planar1500,1498,3900,5.20694,121
planar2000,1960,3900,3.97959,100
planar2500,2355,3900,3.3121,90
planar3000,2674,3900,2.91698,100
power,4941,6594,2.6691,19
sb-10-0,1021,3032,5.93928,16
sb-10-1,1021,3064,6.00196,18
sb-10-2,1023,3118,6.0958,16
sp_data_school_day_2,238,5539,46.5462,88
yeast,2284,6646,5.81961,64
DSJC125,126,3892,61.7778,75
DSJC125,126,6962,110.508,120
DSJC250,251,3219,25.6494,38
DSJR500,501,3556,14.1956,25
fpsol2,364,8692,47.7582,346
fpsol2,364,8689,47.7418,346
homer,557,1630,5.85278,99
le450_15a,451,8169,36.2262,99
le450_15b,451,8170,36.2306,94
le450_25a,451,8261,36.6341,128
le450_25b,451,8264,36.6474,111
le450_5a,451,5715,25.3437,42
le450_5b,451,5735,25.4324,42
le450_5c,451,9804,43.4767,66
le450_5d,451,9758,43.2727,68
miles1000,129,3217,49.876,86
miles1500,129,5199,80.6047,106
miles500,129,1171,18.155,38
miles750,129,2114,32.7752,64
mulsol,139,3926,56.4892,121
mulsol,174,3886,44.6667,156
mulsol,175,3917,44.7657,157
mulsol,176,3947,44.8523,158
mulsol,177,3974,44.904,159
myciel7,192,2361,24.5938,96
queen10_10,101,1471,29.1287,35
queen11_11,122,1981,32.4754,40
queen12_12,145,2597,35.8207,43
queen13_13,170,3329,39.1647,48
queen14_14,197,4187,42.5076,51
queen15_15,226,5181,45.8496,56
queen16_16,257,6321,49.1907,59
queen8_12,97,1369,28.2268,32
queen9_9,82,1057,25.7805,32
zeroin,127,4101,64.5827,111
zeroin,158,3542,44.8354,140
zeroin,158,3541,44.8228,140
DNC-emails,1866,4385,4.69989,402
Y2H_union,1966,2705,2.75178,89
Yeast,2284,6646,5.81961,64
airlines,235,1297,11.0383,130
bitcoin-otc-negative,1606,3259,4.05853,227
bn-fly-drosophila_medulla_1,1781,8911,10.0067,927
capitalist,139,1071,15.4101,91
celegans,297,2148,14.4646,134
chicago,1467,1298,1.7696,12
codeminer,724,1015,2.80387,55
columbia-mobility,863,4147,9.61066,228
columbia-social,863,7724,17.9003,545
cpan-authors,839,2112,5.03456,327
diseasome,1419,2738,3.85906,84
euroroad,1174,1417,2.41397,10
eva-corporate,7253,6711,1.85054,552
exnet-water,1893,2416,2.55256,10
ia-email-univ,1133,5451,9.62224,71
ia-infect-dublin,410,2765,13.4878,50
ia-reality,6809,7680,2.25584,261
infectious,410,2765,13.4878,50
iscas89-s13207,2492,3407,2.73435,37
iscas89-s15850,3247,4005,2.46689,25
iscas89-s5378,1411,1639,2.32317,10
iscas89-s9234,1985,2371,2.38892,18
jazz,198,2742,27.697,100
minnesota,2642,3303,2.50038,5
netscience,1461,2743,3.75496,34
residence_hall,217,1839,16.9493,56
rhesusbrain,242,3054,25.2397,111
roget-thesaurus,1010,3648,7.22376,28
soc-wiki-Vote,889,2915,6.55793,102
sp_data_school_day_2,238,5539,46.5462,88
unicode_languages,614,1245,4.05537,142
web-EPA,4271,8909,4.17186,175
web-google,1299,2773,4.26944,59
out,1133,5451,9.62224,71
out,198,2742,27.697,100
out,453,2025,8.9404,237
out,274,2124,15.5036,101
out,1866,4384,4.69882,402
out,2888,2982,2.0651,769
out,128,2106,32.9062,110
out,128,2075,32.4219,110
out,1702,3155,3.7074,95
out,1226,2408,3.92822,34
out,2239,6432,5.74542,314
out,183,2434,26.6011,105
out,3023,6149,4.06814,129
out,96,2539,52.8958,92
out,829,1473,3.55368,25
out,62,1167,37.6452,55
out,1773,9131,10.3001,364
out,217,1839,16.9493,56
out,1846,2203,2.38678,56
out,4941,6594,2.6691,19
out,899,7019,15.6151,126
out,167,3250,38.9222,139
out,113,2196,38.8673,98
out,410,2765,13.4878,50
out,1174,1417,2.41397,10
out,1467,1298,1.7696,12
out,614,1245,4.05537,142
1138_bus,1138,1458,2.56239,17
130bit,584,6059,20.75,322
685_bus,685,1282,3.74307,12
CSphd,1882,1740,1.8491,46
Chebyshev1,261,1542,11.8161,260
Chem97ZtZ,2541,2410,1.89689,100
Cities,55,1045,38,54
DK01R,903,5641,12.4939,18
D_10,816,7527,18.4485,50
D_11,458,2928,12.786,47
D_5,431,1812,8.40835,64
D_6,968,6462,13.3512,73
EPA,4271,8909,4.17186,175
EVA,7253,6711,1.85054,552
EX1,560,4368,15.6,18
EX2,560,4368,15.6,18
Erdos02,5534,8472,3.0618,507
Erdos971,433,1314,6.06928,41
Erdos972,4749,7085,2.98379,61
Erdos981,445,1381,6.20674,42
Erdos982,4962,7375,2.97259,61
Erdos991,454,1417,6.24229,42
Erdos992,5094,7515,2.95053,61
Franz1,2240,5112,4.56429,11
G11,800,1600,4,4
G12,800,1600,4,4
G13,800,1600,4,4
G14,800,4694,11.735,132
G15,800,4661,11.6525,153
G16,800,4672,11.68,123
G17,800,4667,11.6675,143
G18,800,4694,11.735,132
G19,800,4661,11.6525,153
G20,800,4672,11.68,123
G21,800,4667,11.6675,143
G32,2000,4000,4,4
G33,2000,4000,4,4
G34,2000,4000,4,4
G43,1000,9990,19.98,36
G44,1000,9990,19.98,37
G45,1000,9990,19.98,35
G46,1000,9990,19.98,35
G47,1000,9990,19.98,34
G48,3000,6000,4,4
G49,3000,6000,4,4
G50,3000,6000,4,4
G51,1000,5909,11.818,156
G52,1000,5916,11.832,171
G53,1000,5914,11.828,136
G54,1000,5916,11.832,136
G57,5000,10000,4,4
GD00_c,638,1020,3.19749,55
GD06_Java,1538,7817,10.1651,755
GD96_a,1096,1677,3.06022,111
GL6_D_10,341,2034,11.9296,41
GL6_D_6,466,2493,10.6996,44
GL6_D_7,636,5324,16.7421,41
GL6_D_8,634,6065,19.1325,34
GL6_D_9,544,4284,15.75,37
GL7d11,828,1513,3.65459,61
GL7d26,2756,7405,5.37373,359
Harvard500,500,2043,8.172,200
IG5-8,288,1712,11.8889,57
IG5-9,538,4570,16.9888,71
Journals,124,5972,96.3226,123
L,956,1820,3.80753,4
M20PI_n,1182,1198,2.02707,12
M20PI_n1,1026,1033,2.01365,7
M40PI_n,2182,2198,2.01467,12
M40PI_n1,2026,2033,2.00691,7
M80PI_n,4182,4198,2.00765,12
M80PI_n1,4026,4033,2.00348,7
Maragal_2,549,4313,15.7122,139
NotreDame_yeast,1846,2203,2.38678,56
Pd,5447,4955,1.81935,36
Pd_rhs,8142,6323,1.55318,30
QRpivot,749,3796,10.1362,23
Roget,1010,3648,7.22376,28
S20PI_n,1182,1198,2.02707,12
S20PI_n1,1026,1033,2.01365,7
S40PI_n,2182,2198,2.01467,12
S40PI_n1,2026,2033,2.00691,7
S80PI_n,4182,4198,2.00765,12
S80PI_n1,4026,4033,2.00348,7
Si2,769,8516,22.1482,60
Sieber,2290,8008,6.99389,2288
SmaGri,1024,4916,9.60156,232
TF11,236,1532,12.9831,23
TF12,552,4127,14.9529,35
Trec10,478,8562,35.8243,178
Trec9,201,2125,21.1443,94
Trefethen_200,200,1345,13.45,15
Trefethen_200b,199,1337,13.4372,15
Trefethen_300,300,2189,14.5933,16
Trefethen_500,500,3989,15.956,17
Trefethen_700,700,5977,17.0771,18
USAir97,332,2126,12.8072,139
USpowerGrid,4941,6594,2.6691,19
abb313,313,1553,9.92332,32
add20,2395,7462,6.23132,123
add32,4960,9462,3.81532,31
adder_dcop_01,1813,6294,6.94319,1334
adder_dcop_02,1813,6384,7.04247,1334
adder_dcop_03,1813,6342,6.99614,1334
adder_dcop_04,1813,6279,6.92664,1333
adder_dcop_05,1813,6287,6.93547,1334
adder_dcop_06,1813,6367,7.02372,1334
adder_dcop_07,1813,6369,7.02592,1334
adder_dcop_08,1813,6383,7.04137,1334
adder_dcop_09,1813,6378,7.03585,1334
adder_dcop_10,1813,6376,7.03365,1334
adder_dcop_11,1813,6382,7.04026,1334
adder_dcop_12,1813,6384,7.04247,1334
adder_dcop_13,1813,6383,7.04137,1334
adder_dcop_14,1813,6384,7.04247,1334
adder_dcop_15,1813,6384,7.04247,1334
adder_dcop_16,1813,6384,7.04247,1334
adder_dcop_17,1813,6384,7.04247,1334
adder_dcop_18,1813,6384,7.04247,1334
adder_dcop_19,1813,6383,7.04137,1334
adder_dcop_20,1813,6384,7.04247,1334
adder_dcop_21,1813,6384,7.04247,1334
adder_dcop_22,1813,6384,7.04247,1334
adder_dcop_23,1813,6384,7.04247,1334
adder_dcop_24,1813,6384,7.04247,1334
adder_dcop_25,1813,6384,7.04247,1334
adder_dcop_26,1813,6384,7.04247,1334
adder_dcop_27,1813,6384,7.04247,1334
adder_dcop_28,1813,6384,7.04247,1334
adder_dcop_29,1813,6384,7.04247,1334
adder_dcop_30,1813,6384,7.04247,1334
adder_dcop_31,1813,6384,7.04247,1334
adder_dcop_32,1813,6384,7.04247,1334
adder_dcop_33,1813,6384,7.04247,1334
adder_dcop_34,1813,6384,7.04247,1334
adder_dcop_35,1813,6384,7.04247,1334
adder_dcop_36,1813,6384,7.04247,1334
adder_dcop_37,1813,6384,7.04247,1334
adder_dcop_38,1813,6384,7.04247,1334
adder_dcop_39,1813,6384,7.04247,1334
adder_dcop_40,1813,6384,7.04247,1334
adder_dcop_41,1813,6384,7.04247,1334
adder_dcop_42,1813,6384,7.04247,1334
adder_dcop_43,1813,6384,7.04247,1334
adder_dcop_44,1813,6383,7.04137,1334
adder_dcop_45,1813,6384,7.04247,1334
adder_dcop_46,1813,6384,7.04247,1334
adder_dcop_47,1813,6384,7.04247,1334
adder_dcop_48,1813,6384,7.04247,1334
adder_dcop_49,1813,6384,7.04247,1334
adder_dcop_50,1813,6384,7.04247,1334
adder_dcop_51,1813,6384,7.04247,1334
adder_dcop_52,1813,6384,7.04247,1334
adder_dcop_53,1813,6384,7.04247,1334
adder_dcop_54,1813,6384,7.04247,1334
adder_dcop_55,1813,6384,7.04247,1334
adder_dcop_56,1813,6384,7.04247,1334
adder_dcop_57,1813,6384,7.04247,1334
adder_dcop_58,1813,6384,7.04247,1334
adder_dcop_59,1813,6384,7.04247,1334
adder_dcop_60,1813,6384,7.04247,1334
adder_dcop_61,1813,6384,7.04247,1334
adder_dcop_62,1813,6384,7.04247,1334
adder_dcop_63,1813,6384,7.04247,1334
adder_dcop_64,1813,6384,7.04247,1334
adder_dcop_65,1813,6384,7.04247,1334
adder_dcop_66,1813,6384,7.04247,1334
adder_dcop_67,1813,6384,7.04247,1334
adder_dcop_68,1813,6384,7.04247,1334
adder_dcop_69,1813,6384,7.04247,1334
adder_trans_01,1814,6387,7.0419,1334
adder_trans_02,1814,6387,7.0419,1334
arenas-jazz,198,2742,27.697,100
arenas-meta,453,2025,8.9404,237
ash608,608,1212,3.98684,14
ash958,958,1912,3.99165,15
b2_ss,1089,4195,7.70432,19
b_dyn,1089,4231,7.77043,19
bcspwr06,1454,1923,2.64512,12
bcspwr07,1612,2106,2.6129,12
bcspwr08,1624,2213,2.72537,13
bcspwr09,1723,2394,2.77887,14
bcspwr10,5300,8271,3.12113,13
bcsstk02,66,2145,65,65
bcsstk04,132,1758,26.6364,45
bcsstk05,153,1135,14.8366,23
bcsstk06,420,3720,17.7143,27
bcsstk07,420,3720,17.7143,27
bcsstk08,1071,5943,11.098,338
bcsstk09,1083,8677,16.024,22
bcsstk19,817,3018,7.388,10
bcsstk20,485,1325,5.46392,10
bcsstm07,420,3416,16.2667,25
bcsstm12,1473,9093,12.3462,21
bcsstm13,691,9970,28.8567,69
bcsstm35,1396,2408,3.44986,5
bcsstm38,1906,2643,2.77335,19
bfwa398,398,1658,8.33166,22
bfwa782,782,3394,8.68031,23
bfwb398,398,1256,6.31156,12
bfwb782,782,2600,6.64962,12
bibd_11_5,462,4560,19.7403,94
bibd_12_4,495,2951,11.9232,51
bibd_12_5,792,7860,19.8485,130
bibd_15_3,455,1362,5.98681,16
bibd_17_3,680,2037,5.99118,18
bibd_9_5,126,1202,19.0794,45
blckhole,2121,6370,6.0066,19
bp_0,822,3260,7.93187,265
bp_1000,822,4635,11.2774,307
bp_1200,822,4698,11.4307,310
bp_1400,822,4760,11.5815,310
bp_1600,822,4809,11.7007,303
bp_200,822,3788,9.21655,282
bp_400,822,4015,9.76886,294
bp_600,822,4157,10.1144,301
bp_800,822,4518,10.9927,303
bwm2000,2000,2998,2.998,3
c-18,2169,6488,5.98248,169
c-19,2327,9745,8.37559,361
c-20,2921,9882,6.76618,157
ca-CSphd,1882,1740,1.8491,46
ca-Erdos992,5094,7515,2.95053,61
cage,366,2562,14,14
cage7,340,1372,8.07059,15
cage8,1015,4994,9.84039,17
can_1054,1054,5571,10.5712,34
can_1072,1072,5686,10.6082,34
can_256,256,1330,10.3906,82
can_268,268,1407,10.5,36
can_292,292,1124,7.69863,34
can_445,445,1682,7.55955,12
can_634,634,3297,10.4006,27
can_715,715,2975,8.32168,104
can_838,838,4586,10.9451,31
cat_ears_2_4,2689,7949,5.91224,18
cavity01,317,4237,26.7319,61
cavity02,317,4237,26.7319,61
cavity03,317,4237,26.7319,61
cavity04,317,4237,26.7319,61
cavity15,182,1514,16.6374,61
cdde1,961,1860,3.87097,4
cdde2,961,1860,3.87097,4
cdde3,961,1860,3.87097,4
cdde4,961,1860,3.87097,4
cdde5,961,1860,3.87097,4
cdde6,961,1860,3.87097,4
celegans_metabolic,453,2025,8.9404,237
celegansneural,297,2148,14.4646,134
cep1,4769,6713,2.81527,219
ch5-5-b2,600,1794,5.98,13
ch5-5-b3,600,2372,7.90667,8
ch6-6-b2,2400,7188,5.99,20
ch6-6-b5,4320,4318,1.99907,8
ch7-6-b1,630,1244,3.94921,32
ch7-7-b1,882,1745,3.95692,38
ch7-8-b1,1176,2330,3.96258,44
ch7-9-b1,1512,2999,3.96693,50
ch8-8-b1,1568,3110,3.96684,51
circuit204,1020,3973,7.7902,19
circuit_2,4510,9964,4.41863,1284
cis-n4c6-b2,1330,3890,5.84962,23
ck400,400,1244,6.22,9
ck656,656,1628,4.96341,9
cr42,1513,6597,8.72042,308
cryg2500,2500,4950,3.96,5
de063155,1679,4914,5.85348,36
de063157,1743,5119,5.87378,31
de080285,1743,5082,5.83133,32
delaunay_n10,1024,3056,5.96875,12
delaunay_n11,2048,6127,5.9834,13
diag,2559,4092,3.19812,4
dw1024,2048,4094,3.99805,8
dw2048,2048,4094,3.99805,8
dw256A,512,1004,3.92188,7
dw256B,512,1024,4,8
dwa512,512,1004,3.92188,7
dwg961a,705,1350,3.82979,4
dwg961b,961,4815,10.0208,18
dwt_1005,1005,3808,7.57811,26
dwt_1007,1007,3784,7.51539,9
dwt_1242,1242,4592,7.39453,11
dwt_193,193,1650,17.0984,29
dwt_307,307,1108,7.21824,8
dwt_310,310,1069,6.89677,10
dwt_346,346,1440,8.3237,18
dwt_361,361,1296,7.18006,8
dwt_419,419,1572,7.50358,12
dwt_492,492,1332,5.41463,10
dwt_503,503,2762,10.9821,24
dwt_512,511,1495,5.85127,14
dwt_592,592,2256,7.62162,14
dwt_607,607,2262,7.45305,13
dwt_758,758,2618,6.90765,10
dwt_869,869,3208,7.3832,13
dwt_878,878,3285,7.48292,9
dwt_918,918,3233,7.04357,12
dwt_992,992,7876,15.879,17
ego-facebook,2888,2981,2.0644,769
email,1133,5451,9.62224,71
epb0,1794,4475,4.98885,10
eris1176,1176,8688,14.7755,98
ex21,656,9244,28.1829,61
ex32,1159,5092,8.78689,12
filter2D,1668,4541,5.44484,8
flower_7_1,463,1169,5.04968,8
flower_8_1,625,1527,4.8864,8
foodweb-baydry,128,2106,32.9062,110
foodweb-baywet,128,2075,32.4219,110
fpga_dcop_01,1220,2810,4.60656,35
fpga_dcop_02,1220,2810,4.60656,35
fpga_dcop_03,1220,2810,4.60656,35
fpga_dcop_04,1220,2804,4.59672,35
fpga_dcop_05,1220,2780,4.55738,35
fpga_dcop_06,1220,2786,4.56721,35
fpga_dcop_07,1220,2783,4.56229,35
fpga_dcop_08,1220,2807,4.60164,35
fpga_dcop_09,1220,2807,4.60164,35
fpga_dcop_10,1220,2804,4.59672,35
fpga_dcop_11,1220,2810,4.60656,35
fpga_dcop_12,1220,2810,4.60656,35
fpga_dcop_13,1220,2810,4.60656,35
fpga_dcop_14,1220,2810,4.60656,35
fpga_dcop_15,1220,2810,4.60656,35
fpga_dcop_16,1220,2810,4.60656,35
fpga_dcop_17,1220,2810,4.60656,35
fpga_dcop_18,1220,2810,4.60656,35
fpga_dcop_19,1220,2810,4.60656,35
fpga_dcop_20,1220,2810,4.60656,35
fpga_dcop_21,1220,2810,4.60656,35
fpga_dcop_22,1220,2810,4.60656,35
fpga_dcop_23,1220,2810,4.60656,35
fpga_dcop_24,1220,2810,4.60656,35
fpga_dcop_25,1220,2810,4.60656,35
fpga_dcop_26,1220,2810,4.60656,35
fpga_dcop_27,1220,2810,4.60656,35
fpga_dcop_28,1220,2810,4.60656,35
fpga_dcop_29,1220,2810,4.60656,35
fpga_dcop_30,1220,2810,4.60656,35
fpga_dcop_31,1220,2810,4.60656,35
fpga_dcop_32,1220,2810,4.60656,35
fpga_dcop_33,1220,2810,4.60656,35
fpga_dcop_34,1220,2810,4.60656,35
fpga_dcop_35,1220,2810,4.60656,35
fpga_dcop_36,1220,2810,4.60656,35
fpga_dcop_37,1220,2810,4.60656,35
fpga_dcop_38,1220,2810,4.60656,35
fpga_dcop_39,1220,2810,4.60656,35
fpga_dcop_40,1220,2810,4.60656,35
fpga_dcop_41,1220,2810,4.60656,35
fpga_dcop_42,1220,2810,4.60656,35
fpga_dcop_43,1220,2810,4.60656,35
fpga_dcop_44,1220,2810,4.60656,35
fpga_dcop_45,1220,2810,4.60656,35
fpga_dcop_46,1220,2810,4.60656,35
fpga_dcop_47,1220,2810,4.60656,35
fpga_dcop_48,1220,2810,4.60656,35
fpga_dcop_49,1220,2810,4.60656,35
fpga_dcop_50,1220,2810,4.60656,35
fpga_dcop_51,1220,2810,4.60656,35
fpga_trans_01,1220,3114,5.10492,49
fpga_trans_02,1220,3114,5.10492,49
fs_541_1,541,2466,9.11645,540
fs_541_2,541,2466,9.11645,540
fs_541_3,541,2466,9.11645,540
fs_541_4,541,2466,9.11645,540
fs_680_1,680,1464,4.30588,13
fs_680_2,680,1464,4.30588,13
fs_680_3,680,1464,4.30588,13
fs_760_1,760,3518,9.25789,23
fs_760_2,760,3518,9.25789,23
fs_760_3,760,3518,9.25789,23
gams60am,1071,1898,3.54435,123
gas11,860,2132,4.95814,17
gr_30_30,900,3422,7.60444,8
gre_1107,1107,4557,8.23306,11
gre_343,343,1092,6.36735,8
gre_512,512,1680,6.5625,8
grid2,3296,6432,3.90291,5
grid2_dual,3136,6112,3.89796,4
hor_131,434,2138,9.85253,40
iiasa,3639,6649,3.6543,24
illc1033,1033,4717,9.13262,288
illc1850,1850,8741,9.44973,418
impcol_d,425,1267,5.96235,15
impcol_e,225,1187,10.5511,35
init_adder1,1813,6294,6.94319,1334
iprob,3001,3000,1.99933,3000
jagmesh1,936,2664,5.69231,6
jagmesh2,1009,2928,5.80377,6
jagmesh3,1089,3136,5.75941,6
jagmesh4,1440,4032,5.6,6
jagmesh5,1180,3285,5.5678,6
jagmesh6,1377,3808,5.53086,6
jagmesh7,1138,3156,5.54657,6
jagmesh8,1141,3162,5.54251,6
jagmesh9,1349,3876,5.74648,6
jazz,198,2742,27.697,100
jpwh_991,983,2678,5.44863,15
kneser_6_2_1,676,2017,5.96746,10
l9,1483,4660,6.28456,30
laser,3002,4000,2.66489,4
lns_511,503,1425,5.666,12
lnsp_511,503,1425,5.666,12
lp_agg,615,2407,7.82764,43
lp_agg2,758,4277,11.285,48
lp_agg3,758,4293,11.3272,48
lp_bandm,472,2484,10.5254,75
lp_beaconfd,295,3375,22.8814,155
lp_bnl1,1586,5512,6.95082,79
lp_bore3d,334,1431,8.56886,78
lp_brandy,303,2168,14.3102,117
lp_capri,482,1897,7.87137,49
lp_degen2,757,4189,11.0674,85
lp_e226,472,2766,11.7203,111
lp_etamacro,816,2490,6.10294,23
lp_fffff800,1028,6354,12.3619,252
lp_finnis,1064,2701,5.07707,40
lp_fit1p,1677,9728,11.6017,626
lp_ganges,1706,6925,8.11841,95
lp_gfrd_pnc,1160,2446,4.21724,13
lp_grow15,645,5463,16.9395,42
lp_grow22,946,8095,17.1142,42
lp_grow7,301,2455,16.3123,42
lp_israel,316,2270,14.3671,136
lp_ken_07,3602,8396,4.66185,53
lp_lotfi,366,1132,6.18579,134
lp_modszk1,1620,3165,3.90741,27
lp_nug05,225,1038,9.22667,15
lp_nug06,486,2220,9.1358,18
lp_nug07,931,4203,9.029,21
lp_nug08,1632,7282,8.92402,24
lp_perold,1506,6146,8.16202,54
lp_pilot4,1123,5254,9.35708,82
lp_pilot_we,2928,9256,6.3224,85
lp_qap8,1632,7282,8.92402,24
lp_scagr25,671,1722,5.13264,19
lp_scfxm1,600,2729,9.09667,65
lp_scfxm2,1200,5461,9.10167,58
lp_scfxm3,1800,8207,9.11889,63
lp_scorpion,466,1524,6.54077,27
lp_scrs8,1275,3289,5.15922,45
lp_scsd1,760,2386,6.27895,54
lp_scsd6,1350,4314,6.39111,44
lp_scsd8,2750,8582,6.24145,28
lp_sctap1,660,1855,5.62121,27
lp_sctap2,2500,7273,5.8184,31
lp_sctap3,3340,9649,5.77784,36
lp_share1b,253,1173,9.27273,45
lp_shell,1777,3551,3.99662,255
lp_ship04l,2166,6374,5.8855,90
lp_ship04s,1506,4393,5.834,72
lp_ship08s,2467,7188,5.82732,67
lp_ship12s,2869,8279,5.77135,55
lp_sierra,2735,7704,5.63364,27
lp_stair,614,4004,13.0423,58
lp_standata,1274,3231,5.07221,746
lp_standgub,1383,3339,4.82863,746
lp_standmps,1274,3878,6.08791,746
lp_stocfor2,3045,9336,6.13202,25
lp_tuff,628,4502,14.3376,123
lp_vtp_base,346,1052,6.08092,39
lpi_bgdbg1,629,1580,5.02385,35
lpi_bgetam,816,2490,6.10294,23
lpi_chemcom,744,1501,4.03495,14
lpi_cplex2,378,1213,6.41799,125
lpi_klein2,531,4585,17.2693,164
lpi_mondou2,604,1205,3.99007,19
lpi_pang,741,2933,7.91633,36
lpi_pilot4i,1123,5254,9.35708,82
lpi_qual,464,1620,6.98276,41
lpi_reactor,808,2589,6.40842,68
lpi_refinery,464,1601,6.90086,42
lpi_vol1,464,1620,6.98276,41
lshp1009,1009,2928,5.80377,6
lshp1270,1270,3699,5.8252,6
lshp1561,1561,4560,5.84241,6
lshp1882,1882,5511,5.85654,6
lshp2233,2233,6552,5.86834,6
lshp2614,2614,7683,5.87835,6
lshp3025,3025,8904,5.88694,6
lshp_406,406,1155,5.68966,6
lshp_577,577,1656,5.74003,6
lshp_778,778,2247,5.77635,6
lund_a,147,1151,15.6599,20
lund_b,147,1147,15.6054,20
lung1,1650,4121,4.99515,7
maayan-Stelzl,1702,3155,3.7074,95
maayan-faa,1226,2408,3.92822,34
maayan-figeys,2239,6432,5.74542,314
maayan-foodweb,183,2434,26.6011,105
maayan-vidal,3023,6149,4.06814,129
mahindas,1258,7513,11.9444,206
mcca,180,1680,18.6667,63
mhd3200b,3193,7558,4.73411,9
mhda416,409,5177,25.3154,37
minnesota,2642,3303,2.50038,5
mk10-b1,630,1245,3.95238,30
mk10-b2,3150,9446,5.99746,19
mk10-b4,4725,4725,2,7
mk11-b1,990,1961,3.96162,38
mk12-b1,1485,2946,3.96768,47
mk9-b2,1260,3775,5.99206,14
mk9-b3,1260,3768,5.98095,8
model1,798,2991,7.49624,62
model2,1321,7586,11.4852,139
moreno_mac,62,1167,37.6452,55
moreno_names,1773,9131,10.3001,364
moreno_oz,217,1839,16.9493,56
moreno_propro,1846,2203,2.38678,56
n2c6-b2,455,1314,5.77582,17
n2c6-b3,1365,5264,7.71282,17
n2c6-b9,1422,3050,4.28973,16
n3c5-b4,252,1166,9.25397,12
n3c5-b5,252,1166,9.25397,12
n3c6-b10,2511,7421,5.91079,16
n3c6-b2,455,1314,5.77582,17
n3c6-b3,1365,5264,7.71282,17
n4c5-b10,630,1318,4.18413,15
n4c5-b2,455,1314,5.77582,17
n4c5-b3,1350,5216,7.72741,17
n4c5-b9,1895,6286,6.6343,16
n4c6-b2,1330,3890,5.84962,23
nemsafm,2348,2726,2.32198,22
nemscem,1712,3841,4.48715,138
netscience,1461,2742,3.75359,34
netz4504,1961,2578,2.62927,8
netz4504_dual,615,1171,3.80813,4
nnc1374,1374,4576,6.66084,16
nnc666,666,2148,6.45045,16
nos2,957,1590,3.32288,4
nos3,960,7442,15.5042,17
nos5,468,2352,10.0513,22
nos6,675,1290,3.82222,4
nos7,729,1944,5.33333,6
nsic,897,3450,7.69231,73
olm1000,1000,1997,3.994,5
olm2000,2000,3997,3.997,5
olm5000,5000,9997,3.9988,5
opsahl-powergrid,4941,6594,2.6691,19
opsahl-ucforum,899,7019,15.6151,126
orsirr_1,1030,2914,5.65825,12
orsirr_2,886,2542,5.73815,13
orsreg_1,2205,5964,5.40952,6
p0201,334,1923,11.515,67
p0282,523,1967,7.52199,112
p0291,543,2032,7.48435,105
p0548,724,1712,4.72928,143
p2756,3511,8938,5.09143,546
pde2961,2961,5812,3.9257,4
pde900,900,1740,3.86667,4
plat362,362,2712,14.9834,18
plsk1919,1919,4831,5.03491,6
poisson2D,367,1025,5.58583,8
poli,3915,4119,2.10421,63
pores_2,1224,5822,9.51307,29
pores_3,532,1850,6.95489,9
power,4941,6594,2.6691,19
problem1,415,1182,5.69639,8
progas,1900,8798,9.26105,27
qh1484,1484,2492,3.35849,12
qh768,768,1322,3.44271,13
qh882,882,1533,3.47619,16
qiulp,1900,4489,4.72526,200
radoslaw_email,167,3250,38.9222,139
rail_1357,1357,3814,5.62122,10
rajat02,1960,4621,4.71531,540
rajat04,1041,4317,8.29395,660
rajat12,1879,5528,5.88398,1194
rajat19,1155,2429,4.20606,341
rdb1250,1250,3025,4.84,5
rdb1250l,1250,3025,4.84,5
rdb2048,2048,4992,4.875,5
rdb2048_noL,2048,4992,4.875,5
rdb3200l,3200,7840,4.9,5
rdb450,450,1065,4.73333,5
rdb450l,450,1065,4.73333,5
rdb800l,800,1920,4.8,5
rdb968,968,2332,4.81818,5
rel6,1301,5085,7.81706,78
relat5,277,1047,7.55957,65
relat6,2064,8091,7.84012,114
rosen7,776,7770,20.0258,489
rotor2,785,8833,22.5045,62
rw496,496,1423,5.7379,7
saylr3,685,1375,4.0146,6
saylr4,3564,9376,5.2615,6
scagr7-2c,3479,8997,5.17218,456
scrs8-2b,3499,7367,4.21092,264
scrs8-2c,3499,7367,4.21092,264
sherman1,685,1375,4.0146,6
sherman3,2896,7514,5.18923,6
sherman4,546,1341,4.91209,6
shl_0,663,1682,5.07391,421
shl_200,663,1720,5.18854,439
shl_400,663,1709,5.15535,425
small,1257,3208,5.10422,30
sociopatterns-hypertext,113,2196,38.8673,98
sociopatterns-infectious,410,2765,13.4878,50
spiral,1434,8397,11.7113,98
sstmodel,2730,9702,7.10769,17
steam1,240,1761,14.675,20
steam2,600,6580,21.9333,27
str_0,363,2446,13.4766,41
str_200,363,3049,16.7989,49
str_400,363,3124,17.2121,53
str_600,363,3244,17.8733,53
stufe,1036,1868,3.60618,4
subelj_euroroad,1174,1417,2.41397,10
swang1,3169,8836,5.57652,9
swang2,3169,8836,5.57652,9
tols1090,1090,2249,4.12661,89
tols2000,2000,2977,2.977,89
tols340,340,1649,9.7,89
tols4000,4000,4577,2.2885,89
tols90,90,1449,32.2,89
tub1000,1000,1498,2.996,3
uk,4824,6837,2.83458,3
ukerbe1,5981,7852,2.62565,8
ukerbe1_dual,1866,3538,3.79207,4
utm300,300,2191,14.6067,32
wang1,2903,8095,5.57699,6
wang2,2903,8095,5.57699,6
watt_1,1856,4816,5.18966,6
watt_2,1856,4942,5.32543,127
bergen,53,272,10.2642,32
dolphins,62,159,5.12903,12
football,115,613,10.6609,12
fvs002,462,620,2.68398,13
fvs020,74,92,2.48649,9
fvs033,620,930,3,3
fvs047,84,166,3.95238,4
fvs051,50,175,7,7
fvs066,146,657,9,9
fvs097,96,336,7,8
fvs099,37,62,3.35135,10
fvs100,187,652,6.97326,9
hex,331,930,5.61934,6
karate,34,78,4.58824,17
lesmiserables,77,254,6.5974,36
photoviz_dynamic,376,610,3.24468,29
planar302,302,900,5.96026,56
planar350,350,900,5.14286,53
planar400,396,900,4.54545,44
planar500,483,900,3.72671,36
planar600,566,900,3.18021,43
polbooks,105,441,8.4,25
word_adjacencies,112,425,7.58929,49
DSJC125,126,737,11.6984,23
anna,139,494,7.10791,71
david,88,407,9.25,82
games120,121,639,10.562,13
huck,75,302,8.05333,53
jean,78,255,6.53846,36
miles250,126,388,6.15873,16
myciel2,5,5,2,2
myciel3,12,21,3.5,6
myciel4,24,72,6,12
myciel5,48,237,9.875,24
myciel6,96,756,15.75,48
queen5_5,26,161,12.3846,16
queen5_5_simple,28,162,11.5714,16
queen6_6,37,291,15.7297,19
queen7_7,50,477,19.08,24
queen8_8,65,729,22.4308,27
CoW-interstate,182,320,3.51648,25
StackOverflow-tags,115,245,4.26087,16
american_revolution,136,157,2.30882,58
autobahn,374,478,2.55615,5
bergen,53,272,10.2642,32
dolphins,62,159,5.12903,12
ecoli-transcript,418,519,2.48325,72
football,115,613,10.6609,12
hex,331,930,5.61934,6
iscas89-s1196,377,537,2.84881,16
iscas89-s1238,416,625,3.00481,18
iscas89-s1423,423,554,2.61939,17
iscas89-s1488,463,779,3.36501,53
iscas89-s1494,473,796,3.36575,56
iscas89-s208,61,68,2.22951,8
iscas89-s27,9,8,1.77778,3
iscas89-s298,92,131,2.84783,11
iscas89-s344,100,122,2.44,9
iscas89-s349,102,127,2.4902,9
iscas89-s382,116,168,2.89655,18
iscas89-s386,114,200,3.50877,23
iscas89-s400,121,182,3.00826,19
iscas89-s420,129,146,2.26357,9
iscas89-s444,134,206,3.07463,19
iscas89-s510,172,251,2.9186,12
iscas89-s526,160,270,3.375,12
iscas89-s526n,159,268,3.37107,12
iscas89-s641,100,144,2.88,12
iscas89-s713,137,180,2.62774,12
iscas89-s820,239,480,4.01674,48
iscas89-s832,245,498,4.06531,49
iscas89-s838,265,302,2.27925,12
iscas89-s953,332,454,2.73494,12
karate,34,78,4.58824,17
lesmiserables,77,255,6.62338,36
movies,101,192,3.80198,19
muenchen-bahn,447,578,2.58613,13
photoviz_dynamic,376,610,3.24468,29
polbooks,105,441,8.4,25
wafa-ceos,26,93,7.15385,22
wafa-eies,45,652,28.9778,44
wafa-hightech,21,159,15.1429,20
wafa-padgett,15,27,3.6,8
word_adjacencies,112,425,7.58929,49
out,112,425,7.58929,49
out,25,90,7.2,20
out,24,86,7.16667,13
out,136,157,2.30882,58
out,6,8,2.66667,4
out,5,8,3.2,4
out,49,107,4.36735,8
out,62,159,5.12903,12
out,212,243,2.29245,21
out,43,336,15.6279,31
out,26,222,17.0769,24
out,28,205,14.6429,22
out,32,497,31.0625,31
out,70,274,7.82857,19
out,241,923,7.65975,28
out,17,91,10.7059,15
out,77,254,6.5974,36
out,16,69,8.625,12
out,18,126,14,17
out,29,250,17.2414,28
out,28,235,16.7857,23
out,22,39,3.54545,6
out,64,243,7.59375,29
out,32,423,26.4375,31
out,27,111,8.22222,14
out,18,64,7.11111,14
out,16,58,7.25,10
out,34,78,4.58824,17
08blocks,300,576,3.84,37
494_bus,494,586,2.37247,9
662_bus,662,906,2.73716,9
CAG_mat72,72,678,18.8333,49
GD00_a,352,384,2.18182,43
GD01_b,18,26,2.88889,4
GD01_c,33,135,8.18182,19
GD02_a,23,59,5.13043,19
GD02_b,80,232,5.8,7
GD06_theory,101,190,3.76238,19
GD95_a,36,56,3.11111,8
GD95_b,70,95,2.71429,22
GD95_c,62,144,4.64516,15
GD96_b,111,193,3.47748,47
GD96_c,65,125,3.84615,6
GD96_d,180,228,2.53333,27
GD97_a,84,166,3.95238,4
GD97_b,46,132,5.73913,25
GD97_c,452,460,2.0354,75
GD98_a,38,46,2.42105,16
GD98_b,121,132,2.18182,11
GD98_c,112,168,3,3
GD99_b,64,125,3.90625,4
GD99_c,105,120,2.28571,5
GL7d10,9,8,1.77778,8
GlossGT,67,118,3.52239,18
Hamrle1,32,90,5.625,8
IG5-6,70,252,7.2,23
IG5-7,136,549,8.07353,26
LF10,18,32,3.55556,4
LFAT5,14,16,2.28571,4
M10PI_n,682,689,2.02053,8
M10PI_n1,526,533,2.02662,7
Maragal_1,32,207,12.9375,25
Ragusa16,24,58,4.83333,14
Ragusa18,23,51,4.43478,12
S10PI_n,682,689,2.02053,8
S10PI_n1,526,533,2.02662,7
Sandi_authors,86,124,2.88372,12
Sandi_sandi,358,605,3.37989,28
SmallW,233,994,8.53219,147
Stranke94,10,45,9,9
TF10,107,559,10.4486,19
Tina_AskCal,11,25,4.54545,7
Tina_AskCog,11,27,4.90909,8
Tina_DisCal,11,32,5.81818,8
Tina_DisCog,11,36,6.54545,9
Trec3,2,1,1,1
Trec4,3,2,1.33333,2
Trec5,7,10,2.85714,6
Trec6,15,36,4.8,11
Trec7,36,141,7.83333,28
Trec8,84,533,12.6905,50
Trefethen_150,150,945,12.6,14
Trefethen_20,20,69,6.9,8
Trefethen_20b,19,64,6.73684,8
adjnoun,112,425,7.58929,49
adjnoun_adjacency,112,425,7.58929,49
arc130,130,715,11,124
ash219,219,431,3.93607,11
ash292,292,958,6.56164,13
ash331,331,660,3.98792,14
ash85,85,219,5.15294,9
b1_ss,7,9,2.57143,6
bcspwr01,39,46,2.35897,5
bcspwr02,49,59,2.40816,6
bcspwr03,118,179,3.0339,9
bcspwr04,274,669,4.88321,15
bcspwr05,443,590,2.66366,9
bcsstk01,48,176,7.33333,11
bcsstk03,112,264,4.71429,5
bcsstk22,138,279,4.04348,7
bcsstm37,536,760,2.83582,4
bfwa62,62,200,6.45161,20
bfwb62,62,140,4.51613,12
bibd_9_3,84,249,5.92857,10
bio-MUTAG-g1,23,27,2.34783,3
bwm200,200,298,2.98,3
ca-netscience,379,914,4.82322,34
ca-sandi_auths,86,124,2.88372,12
cage3,5,7,2.8,4
cage4,9,20,4.44444,5
cage5,37,98,5.2973,9
cage6,93,346,7.44086,12
can_144,144,576,8,14
can_161,161,608,7.55279,16
can_187,187,652,6.97326,9
can_229,229,774,6.75983,12
can_24,24,68,5.66667,8
can_61,61,248,8.13115,24
can_62,62,78,2.51613,6
can_73,73,152,4.16438,8
can_96,96,336,7,8
cat_ears_2_1,85,242,5.69412,8
cat_ears_3_1,204,532,5.21569,9
cat_ears_4_1,377,929,4.92838,9
ch3-3-b1,18,35,3.88889,6
ch3-3-b2,18,17,1.88889,4
ch4-4-b1,72,139,3.86111,11
ch4-4-b2,96,283,5.89583,7
ch4-4-b3,96,96,2,6
ch5-5-b1,200,391,3.91,18
ch5-5-b4,600,596,1.98667,7
ch6-6-b1,450,886,3.93778,27
chesapeake,39,170,8.71795,33
cis-n4c6-b1,210,409,3.89524,21
cis-n4c6-b15,920,960,2.08696,19
ck104,104,444,8.53846,9
contiguous-usa,49,107,4.36735,8
curtis54,54,124,4.59259,15
d_dyn,87,225,5.17241,13
d_dyn1,87,225,5.17241,13
d_ss,53,142,5.35849,11
divorce,50,212,8.48,37
dolphins,62,159,5.12903,12
dwt_162,162,510,6.2963,8
dwt_198,198,597,6.0303,11
dwt_209,209,767,7.33971,16
dwt_221,221,704,6.37104,11
dwt_234,234,300,2.5641,9
dwt_245,245,608,4.96327,12
dwt_59,59,104,3.52542,5
dwt_66,66,127,3.84848,5
dwt_72,72,75,2.08333,4
dwt_87,87,227,5.21839,12
farm,17,39,4.58824,10
flower_4_1,129,372,5.76744,8
flower_5_1,211,591,5.6019,8
football,35,118,6.74286,19
fs-adjnoun_adj_copperfield,112,425,7.58929,49
fs_183_1,183,701,7.6612,104
fs_183_3,183,701,7.6612,104
fs_183_4,183,701,7.6612,104
fs_183_6,183,701,7.6612,104
gams10a,171,298,3.48538,23
gams10am,171,298,3.48538,23
gams30a,531,938,3.53296,63
gams30am,531,938,3.53296,63
gent113,104,549,10.5577,26
gre_115,115,267,4.64348,9
gre_185,185,650,7.02703,8
gre_216a,216,660,6.11111,8
gre_216b,216,660,6.11111,8
grid1,252,476,3.77778,4
grid1_dual,224,420,3.75,4
ibm32,32,90,5.625,11
impcol_a,206,557,5.40777,12
impcol_b,59,281,9.52542,17
impcol_c,137,352,5.13869,14
inf-contiguous-usa,49,107,4.36735,8
jgl009,9,32,7.11111,8
jgl011,11,49,8.90909,10
karate,34,78,4.58824,17
kleemin,16,36,4.5,8
klein-b1,30,56,3.73333,10
klein-b2,30,56,3.73333,5
lap_25,25,72,5.76,8
lesmis,77,254,6.5974,36
lns_131,123,275,4.47154,12
lnsp_131,123,275,4.47154,12
lop163,163,598,7.33742,8
lp_adlittle,138,421,6.10145,29
lp_afiro,51,101,3.96078,12
lp_blend,114,512,8.98246,31
lp_kb2,68,295,8.67647,18
lp_recipe,204,659,6.46078,25
lp_sc105,162,337,4.16049,8
lp_sc205,316,662,4.18987,8
lp_sc50a,77,155,4.02597,8
lp_sc50b,76,143,3.76316,7
lp_scagr7,185,465,5.02703,14
lp_share2b,162,768,9.48148,23
lp_stocfor1,165,493,5.97576,21
lpi_bgprtr,40,67,3.35,7
lpi_box1,261,644,4.93487,36
lpi_ex72a,215,463,4.30698,9
lpi_ex73a,211,453,4.29384,9
lpi_forest6,131,245,3.74046,9
lpi_galenet,14,19,2.71429,5
lpi_itest2,13,18,2.76923,5
lpi_itest6,17,20,2.35294,5
lpi_klein1,108,697,12.9074,29
lpi_woodinfe,89,139,3.1236,6
lshp_265,265,744,5.61509,6
maayan-pdzbase,212,242,2.28302,21
mesh1e1,48,129,5.375,7
mesh1em1,48,129,5.375,7
mesh1em6,48,129,5.375,7
mesh2e1,306,856,5.59477,9
mesh2em5,306,856,5.59477,9
mesh3e1,289,800,5.53633,8
mesh3em5,289,800,5.53633,8
mhdb416,409,948,4.6357,9
misc-football,115,613,10.6609,12
misc-lesmis,77,254,6.5974,36
mk9-b1,378,747,3.95238,23
moreno_highschool,70,274,7.82857,19
moreno_lesmis,77,254,6.5974,36
moreno_sampson,18,126,14,17
n2c6-b1,105,202,3.84762,15
n2c6-b10,306,330,2.15686,16
n3c4-b1,15,26,3.46667,6
n3c4-b2,20,51,5.1,7
n3c4-b3,20,51,5.1,7
n3c4-b4,15,26,3.46667,6
n3c5-b1,45,84,3.73333,10
n3c5-b2,120,337,5.61667,12
n3c5-b3,210,787,7.49524,12
n3c5-b6,210,787,7.49524,12
n3c5-b7,120,236,3.93333,11
n3c6-b1,105,201,3.82857,15
n3c6-b11,634,718,2.26498,16
n4c5-b1,105,202,3.84762,15
n4c5-b11,120,120,2,13
n4c6-b1,210,409,3.89524,21
n4c6-b15,920,960,2.08696,19
nnc261,261,794,6.08429,16
nos1,237,390,3.29114,4
nos4,100,247,4.94,6
odepa400,400,402,2.01,4
olm100,100,197,3.94,5
olm500,500,997,3.988,5
opsahl-southernwomen,18,64,7.11111,14
oscil_dcop_01,426,603,2.83099,12
oscil_dcop_02,426,603,2.83099,12
oscil_dcop_03,426,603,2.83099,12
oscil_dcop_04,426,603,2.83099,12
oscil_dcop_05,426,603,2.83099,12
oscil_dcop_06,426,603,2.83099,12
oscil_dcop_07,426,603,2.83099,12
oscil_dcop_08,426,603,2.83099,12
oscil_dcop_09,426,603,2.83099,12
oscil_dcop_10,426,603,2.83099,12
oscil_dcop_11,426,603,2.83099,12
oscil_dcop_12,426,603,2.83099,12
oscil_dcop_13,426,603,2.83099,12
oscil_dcop_14,426,603,2.83099,12
oscil_dcop_15,426,603,2.83099,12
oscil_dcop_16,426,603,2.83099,12
oscil_dcop_17,426,603,2.83099,12
oscil_dcop_18,426,603,2.83099,12
oscil_dcop_19,426,603,2.83099,12
oscil_dcop_20,426,603,2.83099,12
oscil_dcop_21,426,603,2.83099,12
oscil_dcop_22,426,603,2.83099,12
oscil_dcop_23,426,603,2.83099,12
oscil_dcop_24,426,603,2.83099,12
oscil_dcop_25,426,603,2.83099,12
oscil_dcop_26,426,603,2.83099,12
oscil_dcop_27,426,603,2.83099,12
oscil_dcop_28,426,603,2.83099,12
oscil_dcop_29,426,603,2.83099,12
oscil_dcop_30,426,603,2.83099,12
oscil_dcop_31,426,603,2.83099,12
oscil_dcop_32,426,603,2.83099,12
oscil_dcop_33,426,603,2.83099,12
oscil_dcop_34,426,603,2.83099,12
oscil_dcop_35,426,603,2.83099,12
oscil_dcop_36,426,603,2.83099,12
oscil_dcop_37,426,603,2.83099,12
oscil_dcop_38,426,603,2.83099,12
oscil_dcop_39,426,603,2.83099,12
oscil_dcop_40,426,603,2.83099,12
oscil_dcop_41,426,603,2.83099,12
oscil_dcop_42,426,603,2.83099,12
oscil_dcop_43,426,603,2.83099,12
oscil_dcop_44,426,603,2.83099,12
oscil_dcop_45,426,603,2.83099,12
oscil_dcop_46,426,603,2.83099,12
oscil_dcop_47,426,603,2.83099,12
oscil_dcop_48,426,603,2.83099,12
oscil_dcop_49,426,603,2.83099,12
oscil_dcop_50,426,603,2.83099,12
oscil_dcop_51,426,603,2.83099,12
oscil_dcop_52,426,603,2.83099,12
oscil_dcop_53,426,603,2.83099,12
oscil_dcop_54,426,603,2.83099,12
oscil_dcop_55,426,603,2.83099,12
oscil_dcop_56,426,603,2.83099,12
oscil_dcop_57,426,603,2.83099,12
oscil_trans_01,430,625,2.90698,12
p0033,48,98,4.08333,19
p0040,63,111,3.52381,11
pde225,225,420,3.73333,4
pivtol,102,103,2.01961,3
plskz362,362,880,4.86188,6
polbooks,105,441,8.4,25
pores_1,30,103,6.86667,9
problem,46,83,3.6087,12
rajat05,301,668,4.43854,25
rajat11,135,377,5.58519,43
rajat14,180,666,7.4,162
rdb200,200,460,4.6,5
rdb200l,200,460,4.6,5
refine,62,125,4.03226,30
rel3,7,13,3.71429,6
rel4,29,96,6.62069,21
rel5,173,647,7.47977,44
relat3,9,19,4.22222,8
relat4,47,167,7.10638,36
rgg010,10,45,9,9
robot,120,704,11.7333,25
rotor1,100,477,9.54,52
rw136,136,373,5.48529,7
saylr1,238,445,3.7395,4
sphere2,66,192,5.81818,6
sphere3,258,768,5.95349,6
steam3,80,424,10.6,11
tub100,100,148,2.96,3
ucidata-gama,16,58,7.25,10
ucidata-zachary,34,78,4.58824,17
