test;n;m;avg_deg;max_deg
mulsol.i.3.col;175;3917;44.77;157
miles1500.col;129;5199;80.60;106
queen16_16.col;257;6321;49.19;59
queen13_13.col;170;3329;39.16;48
le450_15a.col;451;8169;36.23;99
homer.col;557;1630;5.85;99
queen8_12.col;97;1369;28.23;32
le450_15b.col;451;8170;36.23;94
le450_5b.col;451;5735;25.43;42
mulsol.i.4.col;176;3947;44.85;158
queen9_9.col;82;1057;25.78;32
mulsol.i.2.col;174;3886;44.67;156
fpsol2.i.2.col;364;8692;47.76;346
le450_5a.col;451;5715;25.34;42
le450_25a.col;451;8261;36.63;128
queen11_11.col;122;1981;32.48;40
fpsol2.i.3.col;364;8689;47.74;346
DSJC250.1.col;251;3219;25.65;38
miles500.col;129;1171;18.16;38
queen10_10.col;101;1471;29.13;35
DSJC125.9.col;126;6962;110.51;120
queen12_12.col;145;2597;35.82;43
zeroin.i.3.col;158;3541;44.82;140
queen15_15.col;226;5181;45.85;56
mulsol.i.5.col;177;3974;44.90;159
miles750.col;129;2114;32.78;64
DSJC125.5.col;126;3892;61.78;75
queen14_14.col;197;4187;42.51;51
zeroin.i.1.col;127;4101;64.58;111
mulsol.i.1.col;139;3926;56.49;121
le450_5c.col;451;9804;43.48;66
myciel7.col;192;2361;24.59;96
le450_25b.col;451;8264;36.65;111
miles1000.col;129;3217;49.88;86
zeroin.i.2.col;158;3542;44.84;140
DSJR500.1.col;501;3556;14.20;25
le450_5d.col;451;9758;43.27;68
photoviz_dynamic;376;612;3.26;31
dolphins;62;159;5.13;12
bergen;53;272;10.26;32
planar350;350;900;5.14;53
planar302;302;900;5.96;56
fvs066;146;657;9.00;9
fvs099;37;62;3.35;10
lesmiserables;77;254;6.60;36
planar400;396;900;4.55;44
planar500;483;900;3.73;36
karate;34;78;4.59;17
fvs020;74;92;2.49;9
fvs100;187;652;6.97;9
hex;331;930;5.62;6
fvs047;84;166;3.95;4
football;115;613;10.66;12
polbooks;105;441;8.40;25
planar600;566;900;3.18;43
fvs033;620;930;3.00;3
word_adjacencies;112;425;7.59;49
fvs097;96;336;7.00;8
fvs051;50;175;7.00;7
fvs002;462;620;2.68;13
cis-n4c6-b1.mtx;210;409;3.90;21
GD97_b.mtx;46;132;5.74;25
kleemin.mtx;16;36;4.50;8
Sandi_authors.mtx;86;124;2.88;12
opsahl-southernwomen.edges;18;64;7.11;14
494_bus.mtx;494;586;2.37;9
robot.mtx;120;704;11.73;25
Ragusa18.mtx;23;51;4.43;12
fs_183_3.mtx;183;701;7.66;104
mesh2e1.mtx;306;856;5.59;9
GD98_c.mtx;112;168;3.00;3
08blocks.mtx;300;576;3.84;37
oscil_dcop_30.mtx;426;603;2.83;12
lp_recipe.mtx;204;659;6.46;25
mesh1em1.mtx;48;129;5.38;7
klein-b2.mtx;30;56;3.73;5
gre_115.mtx;115;267;4.64;9
gre_185.mtx;185;650;7.03;8
lp_adlittle.mtx;138;421;6.10;29
maayan-pdzbase.edges;212;242;2.28;21
bcsstk01.mtx;48;176;7.33;11
gams30am.mtx;531;938;3.53;63
dwt_234.mtx;234;300;2.56;9
cage6.mtx;93;346;7.44;12
can_187.mtx;187;652;6.97;9
can_144.mtx;144;576;8.00;14
flower_5_1.mtx;211;591;5.60;8
klein-b1.mtx;30;56;3.73;10
ch5-5-b4.mtx;600;596;1.99;7
GD96_b.mtx;111;193;3.48;47
oscil_dcop_07.mtx;426;603;2.83;12
d_dyn.mtx;87;225;5.17;13
ch4-4-b3.mtx;96;96;2.00;6
M10PI_n.mtx;682;689;2.02;8
oscil_dcop_41.mtx;426;603;2.83;12
odepa400.mtx;400;402;2.01;4
bcspwr05.mtx;443;590;2.66;9
fs_183_6.mtx;183;701;7.66;104
mesh3e1.mtx;289;800;5.54;8
p0033.mtx;48;98;4.08;19
dwt_221.mtx;221;704;6.37;11
lpi_forest6.mtx;131;245;3.74;9
oscil_dcop_06.mtx;426;603;2.83;12
LFAT5.mtx;14;16;2.29;4
Trefethen_150.mtx;150;945;12.60;14
cage4.mtx;9;20;4.44;5
oscil_dcop_24.mtx;426;603;2.83;12
Tina_AskCog.mtx;11;27;4.91;8
oscil_dcop_10.mtx;426;603;2.83;12
IG5-6.mtx;70;252;7.20;23
mesh1e1.mtx;48;129;5.38;7
fs_183_1.mtx;183;701;7.66;104
arc130.mtx;130;715;11.00;124
662_bus.mtx;662;906;2.74;9
oscil_dcop_02.mtx;426;603;2.83;12
Trefethen_20b.mtx;19;64;6.74;8
rgg010.mtx;10;45;9.00;9
misc-lesmis.mtx;77;254;6.60;36
oscil_dcop_19.mtx;426;603;2.83;12
GD01_c.mtx;33;135;8.18;19
GD06_theory.mtx;101;190;3.76;19
ch6-6-b1.mtx;450;886;3.94;27
olm500.mtx;500;997;3.99;5
oscil_dcop_32.mtx;426;603;2.83;12
plskz362.mtx;362;880;4.86;6
lp_blend.mtx;114;512;8.98;31
sphere3.mtx;258;768;5.95;6
pivtol.mtx;102;103;2.02;3
inf-contiguous-usa.edges;49;107;4.37;8
lpi_ex72a.mtx;215;463;4.31;9
IG5-7.mtx;136;549;8.07;26
Stranke94.mtx;10;45;9.00;9
cis-n4c6-b15.mtx;920;960;2.09;19
GD98_b.mtx;121;132;2.18;11
lp_sc205.mtx;316;662;4.19;8
b1_ss.mtx;7;9;2.57;6
Tina_DisCal.mtx;11;32;5.82;8
lp_stocfor1.mtx;165;493;5.98;21
adjnoun_adjacency.edges;112;425;7.59;49
moreno_lesmis.edges;77;254;6.60;36
moreno_highschool.edges;70;274;7.83;19
bwm200.mtx;200;298;2.98;3
oscil_dcop_36.mtx;426;603;2.83;12
oscil_dcop_45.mtx;426;603;2.83;12
moreno_sampson.edges;18;126;14.00;17
mesh3em5.mtx;289;800;5.54;8
dolphins.mtx;62;159;5.13;12
gent113.mtx;104;549;10.56;26
n3c4-b3.mtx;20;51;5.10;7
can_61.mtx;61;248;8.13;24
LF10.mtx;18;32;3.56;4
bio-MUTAG-g1.edges;23;27;2.35;3
oscil_dcop_40.mtx;426;603;2.83;12
oscil_dcop_14.mtx;426;603;2.83;12
lp_afiro.mtx;51;101;3.96;12
n2c6-b10.mtx;306;330;2.16;16
GlossGT.mtx;67;118;3.52;18
ash292.mtx;292;958;6.56;13
lap_25.mtx;25;72;5.76;8
gams30a.mtx;531;938;3.53;63
fs-adjnoun_adj_copperfield.edges;112;425;7.59;49
oscil_dcop_05.mtx;426;603;2.83;12
ca-sandi_auths.mtx;86;124;2.88;12
Trec7.mtx;36;141;7.83;28
lpi_galenet.mtx;14;19;2.71;5
n3c4-b4.mtx;15;26;3.47;6
Ragusa16.mtx;24;58;4.83;14
polbooks.mtx;105;441;8.40;25
cat_ears_2_1.mtx;85;242;5.69;8
bcspwr03.mtx;118;179;3.03;9
bcspwr02.mtx;49;59;2.41;6
grid1_dual.mtx;224;420;3.75;4
bibd_9_3.mtx;84;249;5.93;10
lpi_ex73a.mtx;211;453;4.29;9
SmallW.mtx;233;994;8.53;147
ch3-3-b1.mtx;18;35;3.89;6
oscil_dcop_15.mtx;426;603;2.83;12
GD99_b.mtx;64;125;3.91;4
dwt_245.mtx;245;608;4.96;12
oscil_dcop_23.mtx;426;603;2.83;12
ash85.mtx;85;219;5.15;9
oscil_dcop_29.mtx;426;603;2.83;12
oscil_dcop_33.mtx;426;603;2.83;12
gams10am.mtx;171;298;3.49;23
Trec5.mtx;7;10;2.86;6
impcol_b.mtx;59;281;9.53;17
tub100.mtx;100;148;2.96;3
mesh2em5.mtx;306;856;5.59;9
oscil_dcop_56.mtx;426;603;2.83;12
Hamrle1.mtx;32;90;5.62;8
GD95_c.mtx;62;144;4.65;15
relat4.mtx;47;167;7.11;36
n3c5-b2.mtx;120;337;5.62;12
GD97_c.mtx;452;460;2.04;75
oscil_dcop_25.mtx;426;603;2.83;12
rdb200.mtx;200;460;4.60;5
bcsstk03.mtx;112;264;4.71;5
ash331.mtx;331;660;3.99;14
nos4.mtx;100;247;4.94;6
GL7d10.mtx;9;8;1.78;8
oscil_dcop_43.mtx;426;603;2.83;12
cat_ears_3_1.mtx;204;532;5.22;9
Maragal_1.mtx;32;207;12.94;25
bfwa62.mtx;62;200;6.45;20
oscil_dcop_54.mtx;426;603;2.83;12
impcol_a.mtx;206;557;5.41;12
can_229.mtx;229;774;6.76;12
oscil_dcop_04.mtx;426;603;2.83;12
contiguous-usa.edges;49;107;4.37;8
TF10.mtx;107;559;10.45;19
Trec8.mtx;84;533;12.69;50
Trec3.mtx;2;1;1.00;1
lp_sc50a.mtx;77;155;4.03;8
n4c6-b1.mtx;210;409;3.90;21
jgl009.mtx;9;32;7.11;8
mesh1em6.mtx;48;129;5.38;7
impcol_c.mtx;137;352;5.14;14
lp_share2b.mtx;162;768;9.48;23
rajat14.mtx;180;666;7.40;162
fs_183_4.mtx;183;701;7.66;104
n3c4-b1.mtx;15;26;3.47;6
oscil_dcop_13.mtx;426;603;2.83;12
oscil_dcop_11.mtx;426;603;2.83;12
oscil_dcop_01.mtx;426;603;2.83;12
GD98_a.mtx;38;46;2.42;16
curtis54.mtx;54;124;4.59;15
can_24.mtx;24;68;5.67;8
M10PI_n1.mtx;526;533;2.03;7
ca-netscience.mtx;379;914;4.82;34
Tina_DisCog.mtx;11;36;6.55;9
oscil_dcop_34.mtx;426;603;2.83;12
n4c5-b1.mtx;105;202;3.85;15
misc-football.mtx;115;613;10.66;12
d_ss.mtx;53;142;5.36;11
p0040.mtx;63;111;3.52;11
n3c5-b7.mtx;120;236;3.93;11
lpi_bgprtr.mtx;40;67;3.35;7
oscil_dcop_47.mtx;426;603;2.83;12
rel5.mtx;173;647;7.48;44
oscil_dcop_22.mtx;426;603;2.83;12
oscil_dcop_39.mtx;426;603;2.83;12
oscil_dcop_18.mtx;426;603;2.83;12
can_62.mtx;62;78;2.52;6
pde225.mtx;225;420;3.73;4
lpi_klein1.mtx;108;697;12.91;29
oscil_dcop_48.mtx;426;603;2.83;12
oscil_dcop_57.mtx;426;603;2.83;12
S10PI_n1.mtx;526;533;2.03;7
oscil_dcop_12.mtx;426;603;2.83;12
lpi_itest2.mtx;13;18;2.77;5
ibm32.mtx;32;90;5.62;11
oscil_dcop_46.mtx;426;603;2.83;12
dwt_59.mtx;59;104;3.53;5
can_161.mtx;161;608;7.55;16
lpi_box1.mtx;261;644;4.93;36
cage3.mtx;5;7;2.80;4
ucidata-zachary.edges;34;78;4.59;17
oscil_trans_01.mtx;430;625;2.91;12
oscil_dcop_53.mtx;426;603;2.83;12
lpi_woodinfe.mtx;89;139;3.12;6
steam3.mtx;80;424;10.60;11
rw136.mtx;136;373;5.49;7
oscil_dcop_21.mtx;426;603;2.83;12
grid1.mtx;252;476;3.78;4
oscil_dcop_08.mtx;426;603;2.83;12
jgl011.mtx;11;49;8.91;10
GD01_b.mtx;18;26;2.89;4
bfwb62.mtx;62;140;4.52;12
rajat11.mtx;135;377;5.59;43
refine.mtx;62;125;4.03;30
n2c6-b1.mtx;105;202;3.85;15
oscil_dcop_42.mtx;426;603;2.83;12
GD99_c.mtx;105;120;2.29;5
GD96_d.mtx;180;228;2.53;27
bcsstk22.mtx;138;279;4.04;7
n3c5-b3.mtx;210;787;7.50;12
olm100.mtx;100;197;3.94;5
oscil_dcop_52.mtx;426;603;2.83;12
oscil_dcop_03.mtx;426;603;2.83;12
divorce.mtx;50;212;8.48;37
dwt_87.mtx;87;227;5.22;12
lpi_itest6.mtx;17;20;2.35;5
ash219.mtx;219;431;3.94;11
oscil_dcop_26.mtx;426;603;2.83;12
dwt_72.mtx;72;75;2.08;4
lp_scagr7.mtx;185;465;5.03;14
ucidata-gama.edges;16;58;7.25;10
ch4-4-b2.mtx;96;283;5.90;7
Trefethen_20.mtx;20;69;6.90;8
cat_ears_4_1.mtx;377;929;4.93;9
n3c6-b11.mtx;634;718;2.26;16
oscil_dcop_44.mtx;426;603;2.83;12
d_dyn1.mtx;87;225;5.17;13
n3c4-b2.mtx;20;51;5.10;7
lnsp_131.mtx;123;275;4.47;12
sphere2.mtx;66;192;5.82;6
cage5.mtx;37;98;5.30;9
oscil_dcop_49.mtx;426;603;2.83;12
gams10a.mtx;171;298;3.49;23
Tina_AskCal.mtx;11;25;4.55;7
lp_sc50b.mtx;76;143;3.76;7
Sandi_sandi.mtx;358;605;3.38;28
ck104.mtx;104;444;8.54;9
ch3-3-b2.mtx;18;17;1.89;4
bcspwr01.mtx;39;46;2.36;5
GD02_a.mtx;23;59;5.13;19
rajat05.mtx;301;668;4.44;25
n4c6-b15.mtx;920;960;2.09;19
rotor1.mtx;100;477;9.54;52
GD96_c.mtx;65;125;3.85;6
mk9-b1.mtx;378;747;3.95;23
n3c5-b6.mtx;210;787;7.50;12
lesmis.mtx;77;254;6.60;36
oscil_dcop_35.mtx;426;603;2.83;12
dwt_162.mtx;162;510;6.30;8
oscil_dcop_55.mtx;426;603;2.83;12
lshp_265.mtx;265;744;5.62;6
farm.mtx;17;39;4.59;10
oscil_dcop_28.mtx;426;603;2.83;12
GD95_a.mtx;36;56;3.11;8
oscil_dcop_50.mtx;426;603;2.83;12
oscil_dcop_38.mtx;426;603;2.83;12
football.mtx;35;118;6.74;19
relat3.mtx;9;19;4.22;8
oscil_dcop_17.mtx;426;603;2.83;12
GD95_b.mtx;70;95;2.71;22
n3c6-b1.mtx;105;201;3.83;15
GD97_a.mtx;84;166;3.95;4
ch4-4-b1.mtx;72;139;3.86;11
pores_1.mtx;30;103;6.87;9
lp_kb2.mtx;68;295;8.68;18
Trec6.mtx;15;36;4.80;11
dwt_209.mtx;209;767;7.34;16
oscil_dcop_31.mtx;426;603;2.83;12
can_96.mtx;96;336;7.00;8
oscil_dcop_16.mtx;426;603;2.83;12
gre_216b.mtx;216;660;6.11;8
oscil_dcop_09.mtx;426;603;2.83;12
GD02_b.mtx;80;232;5.80;7
karate.mtx;34;78;4.59;17
rdb200l.mtx;200;460;4.60;5
bcsstm37.mtx;536;760;2.84;4
GD00_a.mtx;352;384;2.18;43
can_73.mtx;73;152;4.16;8
lop163.mtx;163;598;7.34;8
oscil_dcop_27.mtx;426;603;2.83;12
oscil_dcop_51.mtx;426;603;2.83;12
lp_sc105.mtx;162;337;4.16;8
ch5-5-b1.mtx;200;391;3.91;18
Trec4.mtx;3;2;1.33;2
mhdb416.mtx;409;948;4.64;9
rel4.mtx;29;96;6.62;21
lns_131.mtx;123;275;4.47;12
CAG_mat72.mtx;72;678;18.83;49
nnc261.mtx;261;794;6.08;16
S10PI_n.mtx;682;689;2.02;8
dwt_198.mtx;198;597;6.03;11
problem.mtx;46;83;3.61;12
saylr1.mtx;238;445;3.74;4
flower_4_1.mtx;129;372;5.77;8
oscil_dcop_37.mtx;426;603;2.83;12
adjnoun.mtx;112;425;7.59;49
gre_216a.mtx;216;660;6.11;8
oscil_dcop_20.mtx;426;603;2.83;12
chesapeake.mtx;39;170;8.72;33
rel3.mtx;7;13;3.71;6
dwt_66.mtx;66;127;3.85;5
n3c5-b1.mtx;45;84;3.73;10
n4c5-b11.mtx;120;120;2.00;13
bcspwr04.mtx;274;669;4.88;15
nos1.mtx;237;390;3.29;4
clh-14-0;15470;48130;6.22;51
sb-14-0;16330;49505;6.06;19
soc-Slashdot0811;77360;546487;14.13;2541
cl-14-0;14925;49408;6.62;51
fvs037;20588;91241;8.86;624
cit-HepPh;34546;421578;24.41;846
fvs041;17758;54196;6.10;573
ca-CondMat;23133;186936;16.16;560
ca-HepPh;12008;237010;39.48;982
twittercrawl;3656;154824;84.70;1084
cit-HepTh;27770;352807;25.41;2468
planar70000;69205;150000;4.33;557
planar50002;50002;150000;6.00;649
soc-Epinions1;75879;508837;13.41;3079
loc-brightkite_edges;58228;428156;14.71;2268
email-Enron;36692;367662;20.04;2766
sb-12-0;4081;12377;6.07;18
fvs080;5420;10445;3.85;1210
fvs074;10670;22002;4.12;2312
planar7002;7002;21000;6.00;224
planar8500;8477;21000;4.95;251
planar12000;11544;21000;3.64;287
planar10000;9879;21000;4.25;150
fvs040;10729;21999;4.10;2315
fvs001;5848;14647;5.01;173
fvs045;14842;24571;3.31;71
p2p-Gnutella04;10876;39994;7.35;103
planar15000;13729;21000;3.06;197
as20000102;6474;13895;4.29;1460
polblogs;1224;16718;27.32;351
cond-mat;16264;47594;5.85;107
hep-th;7610;15751;4.14;50
cl-12-0;3727;12363;6.63;45
clh-12-0;3932;12009;6.11;41
clh-12-1;3852;11819;6.14;47
sb-12-1;4080;12359;6.06;16
cl-12-1;3757;12458;6.63;49
fvs022;11174;23409;4.19;2389
out.dnc-corecipient;906;10429;23.02;368
out.moreno_blogs_blogs;1224;16715;27.31;351
out.petster-hamster;2426;16631;13.71;273
out.ego-gplus;23628;39195;3.32;2761
out.petster-friendships-hamster-uniq;1858;12534;13.49;272
out.ego-twitter;23370;32832;2.81;238
out.opsahl-openflights;2939;15677;10.67;242
out.arenas-pgp;10680;24316;4.55;205
out.opsahl-ucsocial;1899;13838;14.57;255
out.as20000102;6474;12572;3.88;1458
out.advogato;5155;39285;15.24;803
out.opsahl-usairport;1574;17215;21.87;314
out.moreno_health_health;2539;10455;8.24;27
out.escorts;10106;39016;7.72;311
out.openflights;3425;19256;11.24;248
out.movielens-10m_ut;16528;43734;5.29;2066
minnesota.txt;2642;3303;2.50;5
capitalist.txt;139;1071;15.41;91
DNC-emails.txt;1866;4385;4.70;402
Yeast.txt;2284;6646;5.82;64
roget-thesaurus.txt;1010;3648;7.22;28
soc-wiki-Vote.txt;889;2915;6.56;102
airlines.txt;235;1297;11.04;130
netscience.txt;1461;2743;3.75;34
iscas89-s9234.txt;1985;2371;2.39;18
rhesusbrain.txt;242;3054;25.24;111
web-EPA.txt;4271;8909;4.17;175
sp_data_school_day_2.txt;238;5539;46.55;88
jazz.txt;198;2742;27.70;100
ia-email-univ.txt;1133;5451;9.62;71
web-google.txt;1299;2773;4.27;59
exnet-water.txt;1893;2416;2.55;10
infectious.txt;410;2765;13.49;50
ia-reality.txt;6809;7680;2.26;261
chicago.txt;1467;1298;1.77;12
Y2H_union.txt;1966;2705;2.75;89
celegans.txt;297;2148;14.46;134
eva-corporate.txt;7253;6711;1.85;552
columbia-social.txt;863;7724;17.90;545
residence_hall.txt;217;1839;16.95;56
bn-fly-drosophila_medulla_1.txt;1781;8911;10.01;927
diseasome.txt;1419;2738;3.86;84
ia-infect-dublin.txt;410;2765;13.49;50
iscas89-s5378.txt;1411;1639;2.32;10
iscas89-s13207.txt;2492;3407;2.73;37
codeminer.txt;724;1015;2.80;55
columbia-mobility.txt;863;4147;9.61;228
cpan-authors.txt;839;2112;5.03;327
euroroad.txt;1174;1417;2.41;10
unicode_languages.txt;614;1245;4.06;142
bitcoin-otc-negative.txt;1606;3259;4.06;227
iscas89-s15850.txt;3247;4005;2.47;25
iscas89-s953.txt;332;454;2.73;12
iscas89-s713.txt;137;180;2.63;12
hex.txt;331;930;5.62;6
CoW-interstate.txt;182;320;3.52;25
american_revolution.txt;136;157;2.31;58
dolphins.txt;62;159;5.13;12
bergen.txt;53;272;10.26;32
photoviz_dynamic.txt;376;610;3.24;29
iscas89-s349.txt;102;127;2.49;9
word_adjacencies.txt;112;425;7.59;49
polbooks.txt;105;441;8.40;25
iscas89-s1488.txt;463;779;3.37;53
iscas89-s420.1.txt;129;146;2.26;9
iscas89-s832.txt;245;498;4.07;49
muenchen-bahn.txt;447;578;2.59;13
wafa-padgett.txt;15;27;3.60;8
lesmiserables.txt;77;255;6.62;36
movies.txt;101;192;3.80;19
wafa-eies.txt;45;652;28.98;44
iscas89-s510.txt;172;251;2.92;12
iscas89-s382.txt;116;168;2.90;18
karate.txt;34;78;4.59;17
iscas89-s1494.txt;473;796;3.37;56
iscas89-s526n.txt;159;268;3.37;12
wafa-ceos.txt;26;93;7.15;22
iscas89-s400.txt;121;182;3.01;19
iscas89-s526.txt;160;270;3.38;12
iscas89-s27.txt;9;8;1.78;3
iscas89-s208.1.txt;61;68;2.23;8
iscas89-s386.txt;114;200;3.51;23
ecoli-transcript.txt;418;519;2.48;72
StackOverflow-tags.txt;115;245;4.26;16
autobahn.txt;374;478;2.56;5
iscas89-s1196.txt;377;537;2.85;16
iscas89-s1238.txt;416;625;3.00;18
iscas89-s1423.txt;423;554;2.62;17
iscas89-s298.txt;92;131;2.85;11
football.txt;115;613;10.66;12
iscas89-s344.txt;100;122;2.44;9
iscas89-s641.txt;100;144;2.88;12
iscas89-s444.txt;134;206;3.07;19
wafa-hightech.txt;21;159;15.14;20
iscas89-s820.txt;239;480;4.02;48
iscas89-s838.1.txt;265;302;2.28;13
G22.mtx;2000;19990;19.99;37
deter8.mtx;10905;22293;4.09;55
flower_4_4.mtx;5529;16429;5.94;18
plbuckle.mtx;1282;14681;22.90;43
cs4.mtx;22499;43858;3.90;4
ex36.mtx;3079;25382;16.49;36
nasa2146.mtx;2146;35052;32.67;35
ex13.mtx;2568;36530;28.45;49
rail_5177.mtx;5177;15004;5.80;10
cegb3306.mtx;3222;35847;22.25;53
n2c6-b5.mtx;4945;29639;11.99;17
G29.mtx;2000;19990;19.99;38
rajat03.mtx;7602;12551;3.30;51
mhd1280b.mtx;1266;10749;16.98;31
D_7.mtx;1270;12635;19.90;70
para-8.mtx;11278;34139;6.05;143
rkat7_mat5.mtx;738;36255;98.25;336
SciMet.mtx;2729;10399;7.62;164
145bit.mtx;1002;11252;22.46;510
tomography.mtx;464;14113;60.83;334
c-34.mtx;6611;28861;8.73;861
LF10000.mtx;19998;39992;4.00;4
n2c6-b4.mtx;3003;14488;9.65;17
dw4096.mtx;8146;17251;4.24;8
G30.mtx;2000;19990;19.99;39
fe_4elt2.mtx;11143;32818;5.89;12
lpi_ceria3d.mtx;4400;17602;8.00;967
hugetrace-00000.mtx;34944;35584;2.04;3
as20000102.edges;6474;12572;3.88;1458
bips07_1998.mtx;14244;28618;4.02;197
n3c6-b9.mtx;4935;25078;10.16;16
ca-GrQc.mtx;5241;14484;5.53;81
commanche_dual.mtx;7920;11880;3.00;3
stormg2-8.mtx;11322;28249;4.99;52
Kaufhold.mtx;8558;16853;3.94;27
162bit.mtx;3606;37070;20.56;1905
plat1919.mtx;1919;15240;15.88;18
TF13.mtx;1302;11045;16.97;41
G63.mtx;7000;41459;11.85;589
flowmeter5.mtx;9669;28861;5.97;10
lutz30-23-b6.mtx;3003;12003;7.99;13
cis-n4c6-b3.mtx;5970;23297;7.80;23
bibd_13_6.mtx;1716;25613;29.85;345
TS.mtx;2138;23609;22.09;23
fxm2-16.mtx;7335;32973;8.99;68
Franz3.mtx;2800;11518;8.23;41
cavity05.mtx;1182;17447;29.52;61
extr1.mtx;2837;11380;8.02;20
G56.mtx;4969;12498;5.03;15
lnsp3937.mtx;3929;12771;6.50;12
mk11-b4b.mtx;17325;47219;5.45;9
G61.mtx;6957;17148;4.93;14
ch6-6-b3.mtx;5400;21591;8.00;14
lp_ship12l.mtx;5533;16270;5.88;81
n4c5-b5.mtx;4340;25988;11.98;17
meg4.mtx;5860;20518;7.00;1193
rosen8.mtx;1544;15538;20.13;975
para-7.mtx;11139;33274;5.97;143
deter2.mtx;17313;35726;4.13;99
rajat27.mtx;20540;42239;4.11;1801
beacxc.mtx;493;42176;171.10;490
mk12-b2.mtx;13860;41571;6.00;32
cond-mat.mtx;16264;47594;5.85;107
cat_ears_3_4.mtx;13271;39561;5.96;19
robot24c1_mat5_J.mtx;404;14261;70.60;204
n4c6-b14.mtx;6300;13797;4.38;21
bcsstk34.mtx;588;10415;35.43;46
big.mtx;13209;39128;5.92;11
n4c6-b3.mtx;5970;23297;7.80;23
IG5-11.mtx;1692;22111;26.14;171
deter5.mtx;14529;29708;4.09;67
n2c6-b8.mtx;3990;13222;6.63;16
powersim.mtx;15838;36430;4.60;40
bcsstk23.mtx;3134;21022;13.42;30
G3.mtx;800;19176;47.94;69
road_usa.mtx;32945;24348;1.48;5
cavity07.mtx;1182;17447;29.52;61
lock2232.mtx;2208;39072;35.39;47
sctap1-2c.mtx;7458;21835;5.86;174
bcsstk21.mtx;3600;11500;6.39;8
G28.mtx;2000;19990;19.99;35
bips07_3078.mtx;20348;36373;3.58;28
circuit_1.mtx;2624;16624;12.67;2570
stomach.mtx;6982;46201;13.23;21
viscoplastic1.mtx;4326;35786;16.54;60
mark3jac140.mtx;3490;15989;9.16;60
G58.mtx;5000;29570;11.83;561
lhr02.mtx;2954;37020;25.06;69
rbsa480.mtx;480;16408;68.37;151
lp_woodw.mtx;8418;37413;8.89;1481
fv2.mtx;9801;38612;7.88;8
mk10-b3.mtx;4725;18886;7.99;11
G10.mtx;800;19176;47.94;70
deter1.mtx;15737;32177;4.09;57
lp_nug12.mtx;8856;38287;8.65;36
bcsstk11.mtx;1473;16384;22.25;32
GL7d12.mtx;8868;37520;8.46;132
bcsstm10.mtx;1086;10503;19.34;26
bips07_2476.mtx;16083;31158;3.87;197
msc00726.mtx;726;16896;46.55;87
t2d_q4.mtx;9801;38612;7.88;8
opsahl-openflights.edges;2939;15677;10.67;242
c-24.mtx;4119;15790;7.67;231
c-21.mtx;3509;14324;8.16;450
n3c6-b8.mtx;6435;44347;13.78;17
lp_czprob.mtx;3562;10706;6.01;418
G8.mtx;800;19176;47.94;69
c-26.mtx;4307;15115;7.02;437
msc04515.mtx;4515;46596;20.64;26
G1.mtx;800;19176;47.94;67
pcb1000.mtx;2820;20396;14.47;1500
n4c5-b8.mtx;3635;17021;9.37;16
c-35.mtx;6537;28177;8.62;963
EX4.mtx;2600;35880;27.60;30
delaunay_n13.mtx;8192;24547;5.99;12
model3.mtx;4565;23973;10.50;215
t2dal.mtx;4257;16604;7.80;8
bips98_1142.mtx;9275;18885;4.07;111
cora_agm_fcl_aid.edges;10237;31482;6.15;349
lp_25fv47.mtx;1876;10693;11.40;341
fxm3_6.mtx;5026;44500;17.71;128
coPapersDBLP.mtx;26836;45647;3.40;27
ncvxqp9.mtx;16000;22493;2.81;8
coupled.mtx;11341;43603;7.69;3089
p2p-Gnutella05.mtx;8846;31839;7.20;88
bibd_17_4b.mtx;2380;14265;11.99;111
PGPgiantcompo.mtx;10680;24316;4.55;205
n2c6-b7.mtx;5715;31873;11.15;16
delaunay_n12.mtx;4096;12264;5.99;14
G67.mtx;10000;20000;4.00;4
p2p-Gnutella06.mtx;8717;31525;7.23;115
df2177.mtx;10358;21707;4.19;37
G4.mtx;800;19176;47.94;75
petster-hamster.edges;2426;16631;13.71;273
mimo28x28_system.mtx;12723;23252;3.66;31
eurqsa.mtx;7245;20509;5.66;37
hydr1c.mtx;5308;23701;8.93;33
complex.mtx;1408;46326;65.80;520
c-37.mtx;8204;33236;8.10;651
great-britain_osm.mtx;34354;32768;1.91;5
Trec11.mtx;1138;35616;62.59;331
deter3.mtx;21777;44541;4.09;91
G26.mtx;2000;19990;19.99;40
c-30.mtx;5321;30186;11.35;2109
tuma1.mtx;22967;37200;3.24;5
G2.mtx;800;19176;47.94;66
rajat30.mtx;27317;47178;3.45;3569
bayer08.mtx;3008;27481;18.27;102
utm1700b.mtx;1700;14626;17.21;28
poli4.mtx;33794;39307;2.33;303
lpi_cplex1.mtx;5224;10946;4.19;1501
gemat1.mtx;10595;47344;8.94;4932
jan99jac020.mtx;6774;31858;9.41;167
airfoil1.mtx;4253;12289;5.78;9
lp_pilot.mtx;4860;44325;18.24;266
ch.mtx;8273;23752;5.74;74
robot24c1_mat5.mtx;404;14261;70.60;213
Oregon-1.mtx;11174;23409;4.19;2389
Franz4.mtx;6784;46457;13.70;43
sherman5.mtx;1638;11025;13.46;20
deter0.mtx;5468;11157;4.08;35
lp_pilot_ja.mtx;2267;14969;13.21;227
primagaz.mtx;10836;20116;3.71;1550
descriptor_xingo6u.mtx;19950;35475;3.56;33
G38.mtx;2000;11779;11.78;249
p2p-Gnutella08.mtx;6301;20777;6.59;97
deter7.mtx;18153;37123;4.09;79
model8.mtx;6464;25230;7.81;72
aircraft.mtx;7517;20258;5.39;757
qpband.mtx;20000;15000;1.50;3
lock_700.mtx;691;10742;31.09;59
bcsstk10.mtx;1086;10492;19.32;26
qc324.mtx;324;13203;81.50;82
aug2d.mtx;29008;38416;2.65;4
TSOPF_RS_b9_c6.mtx;7224;43246;11.97;3603
n3c6-b7.mtx;6435;25740;8.00;8
mark3jac020sc.mtx;9129;45314;9.93;60
shar_te2-b1.mtx;17160;34315;4.00;122
t2d_q9.mtx;9801;38612;7.88;8
delf.mtx;5978;15397;5.15;27
beaflw.mtx;502;44900;178.88;495
ODLIS.mtx;2900;16377;11.29;592
ca-HepTh.mtx;9875;25973;5.26;65
bcsstk12.mtx;1473;16384;22.25;32
extr1b.mtx;2836;11379;8.02;20
ex24.mtx;2283;23227;20.35;45
seymourl.mtx;6316;33550;10.62;273
Lederberg.mtx;8324;41532;9.98;1103
p2p-Gnutella04.mtx;10876;39994;7.35;103
beause.mtx;507;39428;155.53;501
mimo8x8_system.mtx;12777;23329;3.65;31
Trefethen_2000.mtx;2000;19953;19.95;21
cavity12.mtx;2597;39557;30.46;61
G55.mtx;4969;12498;5.03;15
G7.mtx;800;19176;47.94;66
bips07_1693.mtx;12740;23438;3.68;131
cage9.mtx;3534;19030;10.77;22
c-40.mtx;9941;35780;7.20;1618
c-25.mtx;3797;22919;12.07;599
lp_truss.mtx;8806;27831;6.32;36
rajat01.mtx;6769;18422;5.44;1441
circuit_3.mtx;11941;22274;3.73;5693
advogato.edges;5155;39285;15.24;803
nasa1824.mtx;1824;18692;20.50;41
ego-twitter.edges;23370;32831;2.81;238
ch7-7-b2.mtx;7350;22034;6.00;29
deter6.mtx;12113;24766;4.09;59
big_dual.mtx;30269;44929;2.97;3
mimo46x46_system.mtx;12722;23251;3.66;31
D_8.mtx;1268;14861;23.44;40
lp_cycle.mtx;3371;21234;12.60;77
geom.mtx;6158;11898;3.86;102
shyy41.mtx;4720;10801;4.58;6
n3c6-b5.mtx;5005;29008;11.59;17
barth5.mtx;15606;45878;5.88;10
lpl2.mtx;10881;32230;5.92;137
cavity09.mtx;1182;17447;29.52;61
c-41.mtx;9769;45988;9.42;938
ex7.mtx;1633;26455;32.40;74
c-28.mtx;4598;12996;5.65;385
arenas-pgp.edges;10680;24316;4.55;205
scagr7-2b.mtx;13847;35882;5.18;1794
gemat12.mtx;4929;33078;13.42;46
G27.mtx;2000;19990;19.99;37
Chebyshev3.mtx;4101;24582;11.99;4100
mbeaflw.mtx;487;41686;171.20;485
fv1.mtx;9604;37830;7.88;8
G64.mtx;7000;41459;11.85;589
model6.mtx;5289;27571;10.43;280
ch7-8-b2.mtx;11760;35258;6.00;34
cell2.mtx;7055;13941;3.95;4
ex28.mtx;2603;37589;28.88;61
jan99jac020sc.mtx;6774;31858;9.41;167
n4c5-b6.mtx;4735;33021;13.95;16
as-735.mtx;6474;12572;3.88;1458
n3c6-b6.mtx;6435;43509;13.52;17
G39.mtx;2000;11778;11.78;210
G6.mtx;800;19176;47.94;67
ex14.mtx;3251;31762;19.54;36
p2p-Gnutella09.mtx;8114;26013;6.41;102
aug2dc.mtx;30200;40000;2.65;4
para-9.mtx;11239;33864;6.03;143
lp_bnl2.mtx;4486;14968;6.67;88
3elt_dual.mtx;9000;13278;2.95;3
ex3.mtx;1821;25432;27.93;61
cavity14.mtx;2597;39557;30.46;61
ex18.mtx;5669;33016;11.65;17
lp_fit1d.mtx;1049;13427;25.60;1028
bloweybq.mtx;10001;29995;6.00;10000
bayer07.mtx;3268;27741;16.98;102
p6000.mtx;7945;17731;4.46;5850
c-32.mtx;5975;24248;8.12;1985
crew1.mtx;6469;46922;14.51;779
escorts.edges;10106;39016;7.72;311
G9.mtx;800;19176;47.94;75
plddb.mtx;5049;10839;4.29;18
bcsstk13.mtx;2003;40940;40.88;94
flower_5_4.mtx;14721;43926;5.97;18
deter4.mtx;9133;19227;4.21;89
D_9.mtx;1133;12308;21.73;45
para-5.mtx;11157;33375;5.98;143
g7jac020.mtx;5850;38390;13.12;78
aug3d.mtx;24300;34992;2.88;6
fxm2-6.mtx;2845;12813;9.01;72
ex37.mtx;1914;32013;33.45;84
bcsstm34.mtx;588;11841;40.28;53
ex22.mtx;839;10938;26.07;61
hep-th.mtx;7610;15751;4.14;50
ge.mtx;16369;44600;5.45;52
ex10hs.mtx;2548;27380;21.49;49
t2dal_a.mtx;4257;16604;7.80;8
IG5-12.mtx;2874;46260;32.19;289
Franz7.mtx;10162;40421;7.96;88
Hamrle2.mtx;5952;22143;7.44;13
lp_degen3.mtx;2604;25247;19.39;206
n3c6-b4.mtx;3003;14488;9.65;17
Oregon-2.mtx;11461;32730;5.71;2432
shermanACa.mtx;3432;20004;11.66;2497
lp_d6cube.mtx;6184;37682;12.19;6183
Maragal_3.mtx;1687;18246;21.63;475
ch7-6-b2.mtx;4200;12588;5.99;24
c-33.mtx;6317;24903;7.88;985
cavity13.mtx;2597;39557;30.46;61
rajat09.mtx;24482;40591;3.32;91
lp_maros.mtx;1966;10127;10.30;167
rdb5000.mtx;5000;12300;4.92;5
kneser_8_3_1.mtx;15737;47032;5.98;14
rbsb480.mtx;480;16400;68.33;149
ford1.mtx;18728;41424;4.42;19
lp_cre_a.mtx;7248;14985;4.13;359
poli3.mtx;16946;20841;2.46;345
ex10.mtx;2410;26215;21.76;49
mcfe.mtx;765;15358;40.15;109
bcsstm27.mtx;1224;27451;44.85;53
biplane-9.mtx;21701;42038;3.87;4
G65.mtx;8000;16000;4.00;4
CAG_mat364.mtx;364;10474;57.55;221
n4c5-b7.mtx;4735;29035;12.26;17
pgp2.mtx;13254;18441;2.78;578
mbeause.mtx;492;36209;147.19;490
para-6.mtx;11142;33290;5.98;143
fd12.mtx;7500;28458;7.59;14
stoch_aircraft.mtx;7517;20258;5.39;757
lp_qap12.mtx;8856;38284;8.65;36
Kohonen.mtx;3772;12718;6.74;740
para-10.mtx;11243;33890;6.03;143
nopoly.mtx;10774;30034;5.58;10
cegb3024.mtx;2996;38426;25.65;67
G62.mtx;7000;14000;4.00;4
dw8192.mtx;8192;17404;4.25;8
t2dal_bci.mtx;4257;16604;7.80;8
radfr1.mtx;1048;12856;24.53;54
bibd_17_4.mtx;2380;14265;11.99;111
G59.mtx;5000;29570;11.83;561
large.mtx;7774;20636;5.31;33
poli_large.mtx;15575;17468;2.24;492
rajat13.mtx;7598;20665;5.44;5411
G37.mtx;2000;11785;11.79;279
lp_80bau3b.mtx;11909;21003;3.53;112
rajat08.mtx;19362;32081;3.31;81
linverse.mtx;11999;41989;7.00;8
g7jac020sc.mtx;5850;38390;13.12;78
rajat06.mtx;10922;18061;3.31;61
ex12.mtx;3973;38119;19.19;36
g7jac010sc.mtx;2880;16160;11.22;48
lpi_klein3.mtx;1082;12108;22.38;275
G31.mtx;2000;19990;19.99;40
Franz2.mtx;4480;21488;9.59;14
G24.mtx;2000;19990;19.99;38
polblogs.mtx;1224;16715;27.31;351
rel9.mtx;28686;40152;2.80;144
3elt.mtx;4720;13722;5.81;9
lp_dfl001.mtx;12230;35629;5.83;232
fd15.mtx;11532;44206;7.67;14
bayer05.mtx;3268;27741;16.98;102
ex20.mtx;2203;33889;30.77;66
Chebyshev2.mtx;2053;12294;11.98;2052
bcsstk26.mtx;1922;14207;14.78;32
petster-friendships-hamster.edges;1858;12534;13.49;272
cell1.mtx;7055;13941;3.95;4
barth4.mtx;6019;17473;5.81;12
photogrammetry.mtx;1388;11769;16.96;81
Freescale1.mtx;39342;40601;2.06;11
ex29.mtx;2691;10442;7.76;8
c-38.mtx;8127;34781;8.56;888
lshp3466.mtx;3466;10215;5.89;6
ch7-6-b5.mtx;15120;30239;4.00;9
fv3.mtx;9801;38612;7.88;8
IG5-10.mtx;975;10273;21.07;125
G25.mtx;2000;19990;19.99;39
g7jac010.mtx;2880;16160;11.22;48
movielens-10m_ut.edges;16528;43734;5.29;2066
thermal.mtx;3456;31536;18.25;26
ex33.mtx;1733;10228;11.80;17
ch6-6-b4.mtx;5400;21547;7.98;10
lpi_gran.mtx;2624;19956;15.21;105
nopss_11k.mtx;11197;21059;3.76;29
c-29.mtx;5033;19349;7.69;480
shuttle_eddy.mtx;10429;46585;8.93;26
c-23.mtx;3969;13555;6.83;654
c-22.mtx;3792;12540;6.61;207
G60.mtx;6957;17148;4.93;14
G35.mtx;2000;11778;11.78;210
lpi_greenbea.mtx;5596;31071;11.10;276
cavity08.mtx;1182;17447;29.52;61
c-44.mtx;10728;37136;6.92;779
rosen1.mtx;1544;23274;30.15;975
flowmeter0.mtx;9669;28861;5.97;10
lp_ship08l.mtx;4363;12876;5.90;91
Franz6.mtx;7576;45242;11.94;44
cavity11.mtx;2597;39557;30.46;61
G36.mtx;2000;11766;11.77;326
mhd4800b.mtx;4793;11360;4.74;9
bcsstk27.mtx;1224;27451;44.85;53
lp_pds_02.mtx;7716;16565;4.29;94
msc01050.mtx;1050;14053;26.77;127
pesa.mtx;11738;33914;5.78;9
crack_dual.mtx;20141;30043;2.98;3
ex15.mtx;6867;45902;13.37;17
bayer06.mtx;3008;27481;18.27;102
shermanACd.mtx;6136;43606;14.21;5180
G66.mtx;9000;18000;4.00;4
dtoc.mtx;24993;34986;2.80;4
photogrammetry2.mtx;4472;37004;16.55;153
ex23.mtx;1409;21147;30.02;66
ncvxqp1.mtx;12111;33426;5.52;14
dwt_2680.mtx;2680;11173;8.34;18
ex27.mtx;974;19904;40.87;205
airfoil1_dual.mtx;8034;11813;2.94;3
Maragal_4.mtx;1964;26383;26.87;611
cavity06.mtx;1182;17447;29.52;61
cryg10000.mtx;10000;19900;3.98;5
Alemdar.mtx;6240;18168;5.82;9
G5.mtx;800;19176;47.94;70
mhd1280a.mtx;1266;26130;41.28;65
mhd3200a.mtx;3193;41175;25.79;37
sts4098.mtx;4098;34129;16.66;783
crack.mtx;10240;30380;5.93;9
G23.mtx;2000;19990;19.99;36
TSOPF_FS_b9_c1.mtx;2453;12201;9.95;1209
wb-cs-stanford.mtx;9426;27427;5.82;340
c-27.mtx;4563;13406;5.88;368
lp_pilotnov.mtx;2446;13331;10.90;230
nl.mtx;15317;46035;6.01;151
coater1.mtx;1348;13514;20.05;56
lns_3937.mtx;3929;12771;6.50;12
data.mtx;2851;15093;10.59;17
mbeacxc.mtx;487;41686;171.20;485
TF14.mtx;3160;29668;18.78;54
G41.mtx;2000;11785;11.79;279
rosen2.mtx;3080;46504;30.20;1946
europe_osm.mtx;35632;32996;1.85;5
stufe-10.mtx;24010;46414;3.87;4
utm3060.mtx;3060;28880;18.88;28
cis-n4c6-b14.mtx;6300;13797;4.38;21
California.mtx;6175;15969;5.17;199
sherman2.mtx;1050;14630;27.87;41
garon1.mtx;3175;42876;27.01;44
n2c6-b6.mtx;5715;39881;13.96;17
hydr1.mtx;5308;23701;8.93;33
lock1074.mtx;1038;25275;48.70;95
lp_greenbea.mtx;5598;31065;11.10;276
Franz5.mtx;7382;43916;11.90;76
lp_greenbeb.mtx;5598;31065;11.10;276
bips98_606.mtx;6594;15190;4.61;111
lp_cre_c.mtx;6411;13241;4.13;316
G40.mtx;2000;11766;11.77;326
ex25.mtx;848;11882;28.02;61
ex26.mtx;2163;45935;42.47;135
opsahl-ucsocial.edges;1899;13838;14.57;255
LFAT5000.mtx;19994;29986;3.00;4
model4.mtx;4962;45731;18.43;497
bcsstk14.mtx;1766;30824;34.91;47
mark3jac020.mtx;9129;45314;9.93;60
lhr01.mtx;1477;18499;25.05;69
n4c5-b4.mtx;2852;14242;9.99;17
c-31.mtx;5339;36616;13.72;457
L-9.mtx;17983;35596;3.96;4
bayer09.mtx;3083;20988;13.62;70
opsahl-usairport.edges;1574;17215;21.87;314
pf2177.mtx;10044;30985;6.17;40
bips98_1450.mtx;10766;20940;3.89;131
barth.mtx;6691;19748;5.90;12
rw5151.mtx;5151;15248;5.92;7
c-36.mtx;7479;29231;7.82;673
G42.mtx;2000;11779;11.78;249
gemat11.mtx;4928;33150;13.45;47
cavity10.mtx;2597;39557;30.46;61
ego-gplus.edges;23628;39194;3.32;2761
sit100.mtx;10262;26952;5.25;9
msc01440.mtx;1440;22415;31.13;44
lp_d2q06c.mtx;5831;33057;11.34;152
rajat07.mtx;14842;24571;3.31;71
mk11-b2.mtx;6930;20777;6.00;25
GL7d21.mtx;7232;23020;6.37;21
tuma2.mtx;12992;20925;3.22;5
out.moreno_train_train;64;243;7.59;29
out.ucidata-gama;16;58;7.25;10
out.brunson_club-membership_club-membership;25;90;7.20;20
out.contiguous-usa;49;107;4.37;8
out.moreno_beach_beach;43;336;15.63;31
out.moreno_kangaroo_kangaroo;17;91;10.71;15
out.ucidata-zachary;34;78;4.59;17
out.moreno_seventh_seventh;29;250;17.24;28
out.moreno_hens_hens;32;497;31.06;32
out.moreno_innovation_innovation;241;923;7.66;28
out.brunson_south-africa_south-africa;6;8;2.67;4
out.moreno_zebra_zebra;27;111;8.22;14
out.maayan-pdzbase;212;243;2.29;21
out.moreno_cattle_cattle;28;205;14.64;22
out.moreno_bison_bison;26;222;17.08;24
out.brunson_corporate-leadership_corporate-leadership;24;86;7.17;13
out.brunson_southern-women_southern-women;5;8;3.20;4
out.moreno_sheep_sheep;28;235;16.79;23
out.moreno_vdb_vdb;32;423;26.44;31
out.moreno_highschool_highschool;70;274;7.83;19
out.moreno_rhesus_rhesus;16;69;8.62;12
out.moreno_sampson_sampson;18;126;14.00;17
out.moreno_lesmis_lesmis;77;254;6.60;36
out.opsahl-southernwomen;18;64;7.11;14
out.adjnoun_adjacency_adjacency;112;425;7.59;49
out.dolphins;62;159;5.13;12
out.moreno_taro_taro;22;39;3.55;6
out.brunson_revolution_revolution;136;157;2.31;58
dwt_869.mtx;869;3208;7.38;13
str_600.mtx;363;3244;17.87;53
gre_1107.mtx;1107;4557;8.23;11
adder_dcop_37.mtx;1813;6384;7.04;1334
opsahl-ucforum.edges;899;7019;15.62;126
G32.mtx;2000;4000;4.00;4
dw1024.mtx;2048;4094;4.00;8
delaunay_n11.mtx;2048;6127;5.98;13
fpga_dcop_11.mtx;1220;2810;4.61;35
scagr7-2c.mtx;3479;8997;5.17;456
fpga_dcop_04.mtx;1220;2804;4.60;35
ch6-6-b5.mtx;4320;4318;2.00;8
adder_dcop_57.mtx;1813;6384;7.04;1334
lp_etamacro.mtx;816;2490;6.10;23
M40PI_n1.mtx;2026;2033;2.01;7
lp_scfxm2.mtx;1200;5461;9.10;58
bp_200.mtx;822;3788;9.22;282
ukerbe1.mtx;5981;7852;2.63;8
sherman4.mtx;546;1341;4.91;6
mk11-b1.mtx;990;1961;3.96;38
bibd_9_5.mtx;126;1202;19.08;45
add20.mtx;2395;7462;6.23;123
progas.mtx;1900;8798;9.26;27
tols1090.mtx;1090;2249;4.13;89
qh882.mtx;882;1533;3.48;16
adder_dcop_33.mtx;1813;6384;7.04;1334
dwt_758.mtx;758;2618;6.91;10
lp_grow7.mtx;301;2455;16.31;42
adder_dcop_67.mtx;1813;6384;7.04;1334
dwt_607.mtx;607;2262;7.45;13
EPA.mtx;4271;8909;4.17;175
email.mtx;1133;5451;9.62;71
jagmesh8.mtx;1141;3162;5.54;6
lp_shell.mtx;1777;3551;4.00;255
minnesota.mtx;2642;3303;2.50;5
adder_dcop_50.mtx;1813;6384;7.04;1334
rdb3200l.mtx;3200;7840;4.90;5
foodweb-baydry.edges;128;2106;32.91;110
mcca.mtx;180;1680;18.67;63
bcsstk04.mtx;132;1758;26.64;45
S80PI_n1.mtx;4026;4033;2.00;7
tols4000.mtx;4000;4577;2.29;89
mhda416.mtx;409;5177;25.32;37
dw2048.mtx;2048;4094;4.00;8
adder_dcop_34.mtx;1813;6384;7.04;1334
olm2000.mtx;2000;3997;4.00;5
adder_dcop_05.mtx;1813;6287;6.94;1334
GD00_c.mtx;638;1020;3.20;55
bwm2000.mtx;2000;2998;3.00;3
cdde3.mtx;961;1860;3.87;4
GL6_D_6.mtx;466;2493;10.70;44
blckhole.mtx;2121;6370;6.01;19
ash608.mtx;608;1212;3.99;14
IG5-8.mtx;288;1712;11.89;57
lp_beaconfd.mtx;295;3375;22.88;155
p0282.mtx;523;1967;7.52;112
fpga_dcop_23.mtx;1220;2810;4.61;35
moreno_oz.edges;217;1839;16.95;56
adder_dcop_66.mtx;1813;6384;7.04;1334
G48.mtx;3000;6000;4.00;4
bp_0.mtx;822;3260;7.93;265
lp_scorpion.mtx;466;1524;6.54;27
saylr3.mtx;685;1375;4.01;6
circuit_2.mtx;4510;9964;4.42;1284
can_1072.mtx;1072;5686;10.61;34
lshp_406.mtx;406;1155;5.69;6
lpi_cplex2.mtx;378;1213;6.42;125
ch7-7-b1.mtx;882;1745;3.96;38
G44.mtx;1000;9990;19.98;37
fs_541_2.mtx;541;2466;9.12;540
USAir97.mtx;332;2126;12.81;139
fs_760_3.mtx;760;3518;9.26;23
bcspwr10.mtx;5300;8271;3.12;13
fpga_dcop_05.mtx;1220;2780;4.56;35
p0201.mtx;334;1923;11.51;67
tols340.mtx;340;1649;9.70;89
G49.mtx;3000;6000;4.00;4
dw256B.mtx;512;1024;4.00;8
adder_dcop_35.mtx;1813;6384;7.04;1334
fs_760_1.mtx;760;3518;9.26;23
cep1.mtx;4769;6713;2.82;219
adder_dcop_40.mtx;1813;6384;7.04;1334
nsic.mtx;897;3450;7.69;73
ego-facebook.edges;2888;2981;2.06;769
bibd_11_5.mtx;462;4560;19.74;94
adder_dcop_59.mtx;1813;6384;7.04;1334
fpga_dcop_51.mtx;1220;2810;4.61;35
lp_finnis.mtx;1064;2701;5.08;40
fpga_dcop_25.mtx;1220;2810;4.61;35
cis-n4c6-b2.mtx;1330;3890;5.85;23
Cities.mtx;55;1045;38.00;54
cavity03.mtx;317;4237;26.73;61
dwt_310.mtx;310;1069;6.90;10
lp_capri.mtx;482;1897;7.87;49
dwt_307.mtx;307;1108;7.22;8
cavity01.mtx;317;4237;26.73;61
n2c6-b2.mtx;455;1314;5.78;17
netscience.mtx;1461;2742;3.75;34
fpga_dcop_01.mtx;1220;2810;4.61;35
netz4504_dual.mtx;615;1171;3.81;4
Trefethen_500.mtx;500;3989;15.96;17
adder_dcop_60.mtx;1813;6384;7.04;1334
tols90.mtx;90;1449;32.20;89
M20PI_n1.mtx;1026;1033;2.01;7
moreno_mac.edges;62;1167;37.65;55
orsirr_2.mtx;886;2542;5.74;13
adder_dcop_46.mtx;1813;6384;7.04;1334
DK01R.mtx;903;5641;12.49;18
adder_dcop_25.mtx;1813;6384;7.04;1334
bp_1200.mtx;822;4698;11.43;310
jpwh_991.mtx;983;2678;5.45;15
EX2.mtx;560;4368;15.60;18
GL6_D_8.mtx;634;6065;19.13;34
shl_400.mtx;663;1709;5.16;425
flower_7_1.mtx;463;1169;5.05;8
lp_ship04l.mtx;2166;6374;5.89;90
cage.mtx;366;2562;14.00;14
rajat12.mtx;1879;5528;5.88;1194
lp_ship04s.mtx;1506;4393;5.83;72
GL7d11.mtx;828;1513;3.65;61
init_adder1.mtx;1813;6294;6.94;1334
lp_nug05.mtx;225;1038;9.23;15
c-18.mtx;2169;6488;5.98;169
cr42.mtx;1513;6597;8.72;308
bcsstm38.mtx;1906;2643;2.77;19
mk10-b2.mtx;3150;9446;6.00;19
G17.mtx;800;4667;11.67;143
1138_bus.mtx;1138;1458;2.56;17
sstmodel.mtx;2730;9702;7.11;17
saylr4.mtx;3564;9376;5.26;6
cdde4.mtx;961;1860;3.87;4
fpga_dcop_46.mtx;1220;2810;4.61;35
fpga_dcop_16.mtx;1220;2810;4.61;35
fpga_dcop_30.mtx;1220;2810;4.61;35
130bit.mtx;584;6059;20.75;322
l9.mtx;1483;4660;6.28;30
poli.mtx;3915;4119;2.10;63
M40PI_n.mtx;2182;2198;2.01;12
pde900.mtx;900;1740;3.87;4
fpga_dcop_09.mtx;1220;2807;4.60;35
sherman1.mtx;685;1375;4.01;6
fs_541_3.mtx;541;2466;9.12;540
mk12-b1.mtx;1485;2946;3.97;47
lpi_reactor.mtx;808;2589;6.41;68
str_400.mtx;363;3124;17.21;53
lpi_qual.mtx;464;1620;6.98;41
cavity15.mtx;182;1514;16.64;61
add32.mtx;4960;9462;3.82;31
scrs8-2b.mtx;3499;7367;4.21;264
ukerbe1_dual.mtx;1866;3538;3.79;4
G46.mtx;1000;9990;19.98;35
lns_511.mtx;503;1425;5.67;12
delaunay_n10.mtx;1024;3056;5.97;12
dwt_361.mtx;361;1296;7.18;8
dwt_1242.mtx;1242;4592;7.39;11
lpi_chemcom.mtx;744;1501;4.03;14
fpga_trans_02.mtx;1220;3114;5.10;49
fpga_dcop_37.mtx;1220;2810;4.61;35
mk9-b3.mtx;1260;3768;5.98;8
spiral.mtx;1434;8397;11.71;98
Harvard500.mtx;500;2043;8.17;200
lp_standata.mtx;1274;3231;5.07;746
lp_sctap1.mtx;660;1855;5.62;27
M80PI_n1.mtx;4026;4033;2.00;7
can_1054.mtx;1054;5571;10.57;34
adder_dcop_01.mtx;1813;6294;6.94;1334
G21.mtx;800;4667;11.67;143
G14.mtx;800;4694;11.73;132
dwt_1005.mtx;1005;3808;7.58;26
fpga_dcop_19.mtx;1220;2810;4.61;35
lp_grow22.mtx;946;8095;17.11;42
rw496.mtx;496;1423;5.74;7
bfwb782.mtx;782;2600;6.65;12
adder_dcop_45.mtx;1813;6384;7.04;1334
lshp1009.mtx;1009;2928;5.80;6
adder_dcop_42.mtx;1813;6384;7.04;1334
lund_b.mtx;147;1147;15.61;20
maayan-foodweb.edges;183;2434;26.60;105
bp_1000.mtx;822;4635;11.28;307
n4c5-b3.mtx;1350;5216;7.73;17
n3c6-b3.mtx;1365;5264;7.71;17
cdde5.mtx;961;1860;3.87;4
adder_dcop_61.mtx;1813;6384;7.04;1334
iiasa.mtx;3639;6649;3.65;24
can_292.mtx;292;1124;7.70;34
adder_dcop_22.mtx;1813;6384;7.04;1334
lp_scsd1.mtx;760;2386;6.28;54
fpga_dcop_35.mtx;1220;2810;4.61;35
gre_343.mtx;343;1092;6.37;8
dwt_878.mtx;878;3285;7.48;9
Chebyshev1.mtx;261;1542;11.82;260
GD96_a.mtx;1096;1677;3.06;111
bfwb398.mtx;398;1256;6.31;12
fpga_dcop_34.mtx;1220;2810;4.61;35
rosen7.mtx;776;7770;20.03;489
can_256.mtx;256;1330;10.39;82
lp_agg3.mtx;758;4293;11.33;48
utm300.mtx;300;2191;14.61;32
lshp3025.mtx;3025;8904;5.89;6
rdb968.mtx;968;2332;4.82;5
uk.mtx;4824;6837;2.83;3
mk10-b4.mtx;4725;4725;2.00;7
lp_sierra.mtx;2735;7704;5.63;27
Erdos971.mtx;433;1314;6.07;41
fpga_dcop_32.mtx;1220;2810;4.61;35
fpga_dcop_15.mtx;1220;2810;4.61;35
c-20.mtx;2921;9882;6.77;157
fpga_dcop_17.mtx;1220;2810;4.61;35
sociopatterns-infectious.edges;410;2765;13.49;50
adder_dcop_68.mtx;1813;6384;7.04;1334
fs_760_2.mtx;760;3518;9.26;23
bp_400.mtx;822;4015;9.77;294
gr_30_30.mtx;900;3422;7.60;8
lshp1882.mtx;1882;5511;5.86;6
ch5-5-b3.mtx;600;2372;7.91;8
adder_dcop_13.mtx;1813;6383;7.04;1334
lp_fffff800.mtx;1028;6354;12.36;252
lp_share1b.mtx;253;1173;9.27;45
adder_dcop_03.mtx;1813;6342;7.00;1334
impcol_e.mtx;225;1187;10.55;35
ch5-5-b2.mtx;600;1794;5.98;13
cat_ears_2_4.mtx;2689;7949;5.91;18
lp_scsd8.mtx;2750;8582;6.24;28
mahindas.mtx;1258;7513;11.94;206
wang1.mtx;2903;8095;5.58;6
lp_ship08s.mtx;2467;7188;5.83;67
bp_800.mtx;822;4518;10.99;303
bcspwr07.mtx;1612;2106;2.61;12
adder_dcop_16.mtx;1813;6384;7.04;1334
G12.mtx;800;1600;4.00;4
lp_degen2.mtx;757;4189;11.07;85
b_dyn.mtx;1089;4231;7.77;19
ch8-8-b1.mtx;1568;3110;3.97;51
dwt_992.mtx;992;7876;15.88;17
nos7.mtx;729;1944;5.33;6
lp_grow15.mtx;645;5463;16.94;42
lp_nug06.mtx;486;2220;9.14;18
maayan-figeys.edges;2239;6432;5.75;314
Si2.mtx;769;8516;22.15;60
adder_dcop_08.mtx;1813;6383;7.04;1334
fpga_dcop_47.mtx;1220;2810;4.61;35
ch7-6-b1.mtx;630;1244;3.95;32
fpga_dcop_41.mtx;1220;2810;4.61;35
nos3.mtx;960;7442;15.50;17
lp_ganges.mtx;1706;6925;8.12;95
G51.mtx;1000;5909;11.82;156
fpga_dcop_29.mtx;1220;2810;4.61;35
cage8.mtx;1015;4994;9.84;17
tols2000.mtx;2000;2977;2.98;89
pde2961.mtx;2961;5812;3.93;4
lpi_bgdbg1.mtx;629;1580;5.02;35
tub1000.mtx;1000;1498;3.00;3
dwa512.mtx;512;1004;3.92;7
ck400.mtx;400;1244;6.22;9
dwg961a.mtx;705;1350;3.83;4
M20PI_n.mtx;1182;1198;2.03;12
rdb1250l.mtx;1250;3025;4.84;5
fpga_trans_01.mtx;1220;3114;5.10;49
adder_dcop_31.mtx;1813;6384;7.04;1334
nnc1374.mtx;1374;4576;6.66;16
lp_nug07.mtx;931;4203;9.03;21
gams60am.mtx;1071;1898;3.54;123
lp_bnl1.mtx;1586;5512;6.95;79
Trec10.mtx;478;8562;35.82;178
rdb800l.mtx;800;1920;4.80;5
fpga_dcop_28.mtx;1220;2810;4.61;35
n2c6-b3.mtx;1365;5264;7.71;17
fpga_dcop_06.mtx;1220;2786;4.57;35
G50.mtx;3000;6000;4.00;4
Erdos02.mtx;5534;8472;3.06;507
orsreg_1.mtx;2205;5964;5.41;6
Trefethen_300.mtx;300;2189;14.59;16
S40PI_n.mtx;2182;2198;2.01;12
rail_1357.mtx;1357;3814;5.62;10
bp_1400.mtx;822;4760;11.58;310
jagmesh6.mtx;1377;3808;5.53;6
adder_dcop_21.mtx;1813;6384;7.04;1334
lpi_mondou2.mtx;604;1205;3.99;19
adder_dcop_15.mtx;1813;6384;7.04;1334
lp_fit1p.mtx;1677;9728;11.60;626
G19.mtx;800;4661;11.65;153
lp_e226.mtx;472;2766;11.72;111
bibd_17_3.mtx;680;2037;5.99;18
lp_vtp_base.mtx;346;1052;6.08;39
lund_a.mtx;147;1151;15.66;20
fpga_dcop_12.mtx;1220;2810;4.61;35
plat362.mtx;362;2712;14.98;18
L.mtx;956;1820;3.81;4
bcsstk02.mtx;66;2145;65.00;65
qiulp.mtx;1900;4489;4.73;200
Pd.mtx;5447;4955;1.82;36
adder_dcop_30.mtx;1813;6384;7.04;1334
Journals.mtx;124;5972;96.32;123
moreno_propro.edges;1846;2203;2.39;56
cavity02.mtx;317;4237;26.73;61
lpi_pang.mtx;741;2933;7.92;36
filter2D.mtx;1668;4541;5.44;8
lp_modszk1.mtx;1620;3165;3.91;27
IG5-9.mtx;538;4570;16.99;71
cdde1.mtx;961;1860;3.87;4
scrs8-2c.mtx;3499;7367;4.21;264
lp_tuff.mtx;628;4502;14.34;123
lp_stair.mtx;614;4004;13.04;58
radoslaw_email.edges;167;3250;38.92;139
can_838.mtx;838;4586;10.95;31
dwt_1007.mtx;1007;3784;7.52;9
G47.mtx;1000;9990;19.98;34
nemsafm.mtx;2348;2726;2.32;22
lp_pilot4.mtx;1123;5254;9.36;82
n4c5-b10.mtx;630;1318;4.18;15
fpga_dcop_24.mtx;1220;2810;4.61;35
dwt_193.mtx;193;1650;17.10;29
fs_541_4.mtx;541;2466;9.12;540
lp_scsd6.mtx;1350;4314;6.39;44
fpga_dcop_49.mtx;1220;2810;4.61;35
ca-Erdos992.mtx;5094;7515;2.95;61
dw256A.mtx;512;1004;3.92;7
adder_dcop_17.mtx;1813;6384;7.04;1334
moreno_names.edges;1773;9131;10.30;364
adder_dcop_51.mtx;1813;6384;7.04;1334
n4c6-b2.mtx;1330;3890;5.85;23
rdb2048.mtx;2048;4992;4.88;5
adder_dcop_14.mtx;1813;6384;7.04;1334
adder_dcop_58.mtx;1813;6384;7.04;1334
adder_dcop_29.mtx;1813;6384;7.04;1334
adder_dcop_52.mtx;1813;6384;7.04;1334
epb0.mtx;1794;4475;4.99;10
fs_680_1.mtx;680;1464;4.31;13
jazz.mtx;198;2742;27.70;100
adder_dcop_11.mtx;1813;6382;7.04;1334
fpga_dcop_07.mtx;1220;2783;4.56;35
fpga_dcop_08.mtx;1220;2807;4.60;35
p2756.mtx;3511;8938;5.09;546
arenas-meta.edges;453;2025;8.94;237
can_268.mtx;268;1407;10.50;36
lp_scfxm1.mtx;600;2729;9.10;65
shl_0.mtx;663;1682;5.07;421
lp_qap8.mtx;1632;7282;8.92;24
fpga_dcop_10.mtx;1220;2804;4.60;35
fpga_dcop_43.mtx;1220;2810;4.61;35
lshp1270.mtx;1270;3699;5.83;6
lpi_refinery.mtx;464;1601;6.90;42
adder_dcop_10.mtx;1813;6376;7.03;1334
adder_dcop_32.mtx;1813;6384;7.04;1334
adder_dcop_04.mtx;1813;6279;6.93;1333
qh1484.mtx;1484;2492;3.36;12
lp_nug08.mtx;1632;7282;8.92;24
c-19.mtx;2327;9745;8.38;361
cryg2500.mtx;2500;4950;3.96;5
S20PI_n1.mtx;1026;1033;2.01;7
pores_2.mtx;1224;5822;9.51;29
lp_ship12s.mtx;2869;8279;5.77;55
de080285.mtx;1743;5082;5.83;32
adder_dcop_56.mtx;1813;6384;7.04;1334
qh768.mtx;768;1322;3.44;13
adder_dcop_06.mtx;1813;6367;7.02;1334
G53.mtx;1000;5914;11.83;136
bfwa782.mtx;782;3394;8.68;23
eris1176.mtx;1176;8688;14.78;98
lp_sctap2.mtx;2500;7273;5.82;31
small.mtx;1257;3208;5.10;30
adder_dcop_39.mtx;1813;6384;7.04;1334
EVA.mtx;7253;6711;1.85;552
jagmesh5.mtx;1180;3285;5.57;6
iprob.mtx;3001;3000;2.00;3000
n2c6-b9.mtx;1422;3050;4.29;16
adder_dcop_64.mtx;1813;6384;7.04;1334
nnc666.mtx;666;2148;6.45;16
ch7-8-b1.mtx;1176;2330;3.96;44
ex32.mtx;1159;5092;8.79;12
adder_dcop_18.mtx;1813;6384;7.04;1334
jagmesh1.mtx;936;2664;5.69;6
mhd3200b.mtx;3193;7558;4.73;9
M80PI_n.mtx;4182;4198;2.01;12
bcsstm35.mtx;1396;2408;3.45;5
adder_dcop_02.mtx;1813;6384;7.04;1334
nos6.mtx;675;1290;3.82;4
lnsp_511.mtx;503;1425;5.67;12
mk9-b2.mtx;1260;3775;5.99;14
bibd_12_5.mtx;792;7860;19.85;130
dwt_419.mtx;419;1572;7.50;12
G20.mtx;800;4672;11.68;123
gas11.mtx;860;2132;4.96;17
Roget.mtx;1010;3648;7.22;28
D_6.mtx;968;6462;13.35;73
Erdos992.mtx;5094;7515;2.95;61
p0548.mtx;724;1712;4.73;143
D_5.mtx;431;1812;8.41;64
bcsstk05.mtx;153;1135;14.84;23
TF12.mtx;552;4127;14.95;35
grid2.mtx;3296;6432;3.90;5
str_0.mtx;363;2446;13.48;41
fpga_dcop_50.mtx;1220;2810;4.61;35
bcsstk19.mtx;817;3018;7.39;10
dwt_592.mtx;592;2256;7.62;14
relat5.mtx;277;1047;7.56;65
dwt_346.mtx;346;1440;8.32;18
lpi_vol1.mtx;464;1620;6.98;41
arenas-jazz.edges;198;2742;27.70;100
n3c6-b2.mtx;455;1314;5.78;17
adder_dcop_26.mtx;1813;6384;7.04;1334
G11.mtx;800;1600;4.00;4
opsahl-powergrid.edges;4941;6594;2.67;19
Erdos982.mtx;4962;7375;2.97;61
lshp2233.mtx;2233;6552;5.87;6
bfwa398.mtx;398;1658;8.33;22
bcspwr06.mtx;1454;1923;2.65;12
rajat02.mtx;1960;4621;4.72;540
steam1.mtx;240;1761;14.68;20
fpga_dcop_40.mtx;1220;2810;4.61;35
maayan-faa.edges;1226;2408;3.93;34
G54.mtx;1000;5916;11.83;136
G18.mtx;800;4694;11.73;132
jagmesh3.mtx;1089;3136;5.76;6
b2_ss.mtx;1089;4195;7.70;19
adder_dcop_69.mtx;1813;6384;7.04;1334
lp_standmps.mtx;1274;3878;6.09;746
sherman3.mtx;2896;7514;5.19;6
adder_trans_01.mtx;1814;6387;7.04;1334
rajat19.mtx;1155;2429;4.21;341
bp_600.mtx;822;4157;10.11;301
S20PI_n.mtx;1182;1198;2.03;12
Franz1.mtx;2240;5112;4.56;11
lshp2614.mtx;2614;7683;5.88;6
S40PI_n1.mtx;2026;2033;2.01;7
adder_dcop_65.mtx;1813;6384;7.04;1334
lp_scagr25.mtx;671;1722;5.13;19
ash958.mtx;958;1912;3.99;15
lp_stocfor2.mtx;3045;9336;6.13;25
bcsstm12.mtx;1473;9093;12.35;21
bcsstk07.mtx;420;3720;17.71;27
rel6.mtx;1301;5085;7.82;78
dwt_918.mtx;918;3233;7.04;12
ca-CSphd.mtx;1882;1740;1.85;46
lp_bore3d.mtx;334;1431;8.57;78
bcsstk06.mtx;420;3720;17.71;27
rdb450.mtx;450;1065;4.73;5
Erdos972.mtx;4749;7085;2.98;61
Erdos991.mtx;454;1417;6.24;42
fpga_dcop_21.mtx;1220;2810;4.61;35
relat6.mtx;2064;8091;7.84;114
dwt_492.mtx;492;1332;5.41;10
fpga_dcop_18.mtx;1220;2810;4.61;35
gre_512.mtx;512;1680;6.56;8
G13.mtx;800;1600;4.00;4
ck656.mtx;656;1628;4.96;9
n3c6-b10.mtx;2511;7421;5.91;16
lshp1561.mtx;1561;4560;5.84;6
fpga_dcop_36.mtx;1220;2810;4.61;35
CSphd.mtx;1882;1740;1.85;46
adder_dcop_62.mtx;1813;6384;7.04;1334
S80PI_n.mtx;4182;4198;2.01;12
n3c5-b5.mtx;252;1166;9.25;12
dwt_512.mtx;511;1495;5.85;14
lpi_klein2.mtx;531;4585;17.27;164
model2.mtx;1321;7586;11.49;139
adder_dcop_38.mtx;1813;6384;7.04;1334
illc1850.mtx;1850;8741;9.45;418
de063157.mtx;1743;5119;5.87;31
orsirr_1.mtx;1030;2914;5.66;12
fs_680_2.mtx;680;1464;4.31;13
adder_dcop_12.mtx;1813;6384;7.04;1334
USpowerGrid.mtx;4941;6594;2.67;19
fs_541_1.mtx;541;2466;9.12;540
subelj_euroroad.edges;1174;1417;2.41;10
G33.mtx;2000;4000;4.00;4
dwt_503.mtx;503;2762;10.98;24
kneser_6_2_1.mtx;676;2017;5.97;10
rdb450l.mtx;450;1065;4.73;5
can_445.mtx;445;1682;7.56;12
ch6-6-b2.mtx;2400;7188;5.99;20
celegans_metabolic.mtx;453;2025;8.94;237
adder_dcop_24.mtx;1813;6384;7.04;1334
Erdos981.mtx;445;1381;6.21;42
Trefethen_200b.mtx;199;1337;13.44;15
adder_dcop_20.mtx;1813;6384;7.04;1334
shl_200.mtx;663;1720;5.19;439
G57.mtx;5000;10000;4.00;4
bp_1600.mtx;822;4809;11.70;303
fpga_dcop_45.mtx;1220;2810;4.61;35
D_11.mtx;458;2928;12.79;47
pores_3.mtx;532;1850;6.95;9
lshp_577.mtx;577;1656;5.74;6
swang1.mtx;3169;8836;5.58;9
lp_sctap3.mtx;3340;9649;5.78;36
lp_lotfi.mtx;366;1132;6.19;134
Trec9.mtx;201;2125;21.14;94
maayan-Stelzl.edges;1702;3155;3.71;95
fpga_dcop_42.mtx;1220;2810;4.61;35
adder_dcop_19.mtx;1813;6383;7.04;1334
model1.mtx;798;2991;7.50;62
foodweb-baywet.edges;128;2075;32.42;110
adder_dcop_53.mtx;1813;6384;7.04;1334
fpga_dcop_22.mtx;1220;2810;4.61;35
power.mtx;4941;6594;2.67;19
lpi_bgetam.mtx;816;2490;6.10;23
Pd_rhs.mtx;8142;6323;1.55;30
dwg961b.mtx;961;4815;10.02;18
lp_gfrd_pnc.mtx;1160;2446;4.22;13
fpga_dcop_44.mtx;1220;2810;4.61;35
lp_brandy.mtx;303;2168;14.31;117
EX1.mtx;560;4368;15.60;18
adder_dcop_41.mtx;1813;6384;7.04;1334
G16.mtx;800;4672;11.68;123
hor_131.mtx;434;2138;9.85;40
fpga_dcop_14.mtx;1220;2810;4.61;35
swang2.mtx;3169;8836;5.58;9
maayan-vidal.edges;3023;6149;4.07;129
G52.mtx;1000;5916;11.83;171
lpi_pilot4i.mtx;1123;5254;9.36;82
fpga_dcop_48.mtx;1220;2810;4.61;35
GL6_D_7.mtx;636;5324;16.74;41
G43.mtx;1000;9990;19.98;36
GL7d26.mtx;2756;7405;5.37;359
adder_dcop_54.mtx;1813;6384;7.04;1334
bcsstk20.mtx;485;1325;5.46;10
lp_pilot_we.mtx;2928;9256;6.32;85
adder_dcop_43.mtx;1813;6384;7.04;1334
fpga_dcop_26.mtx;1220;2810;4.61;35
lshp_778.mtx;778;2247;5.78;6
lp_scfxm3.mtx;1800;8207;9.12;63
bcsstm13.mtx;691;9970;28.86;69
rdb2048_noL.mtx;2048;4992;4.88;5
Chem97ZtZ.mtx;2541;2410;1.90;100
adder_trans_02.mtx;1814;6387;7.04;1334
lp_agg2.mtx;758;4277;11.28;48
lp_agg.mtx;615;2407;7.83;43
steam2.mtx;600;6580;21.93;27
nos2.mtx;957;1590;3.32;4
GL6_D_9.mtx;544;4284;15.75;37
Maragal_2.mtx;549;4313;15.71;139
cdde2.mtx;961;1860;3.87;4
netz4504.mtx;1961;2578;2.63;8
str_200.mtx;363;3049;16.80;49
jagmesh9.mtx;1349;3876;5.75;6
Trefethen_700.mtx;700;5977;17.08;18
ch7-9-b1.mtx;1512;2999;3.97;50
lung1.mtx;1650;4121;5.00;7
bibd_12_4.mtx;495;2951;11.92;51
GL6_D_10.mtx;341;2034;11.93;41
fpga_dcop_27.mtx;1220;2810;4.61;35
fpga_dcop_13.mtx;1220;2810;4.61;35
flower_8_1.mtx;625;1527;4.89;8
cavity04.mtx;317;4237;26.73;61
G15.mtx;800;4661;11.65;153
watt_1.mtx;1856;4816;5.19;6
fpga_dcop_38.mtx;1220;2810;4.61;35
diag.mtx;2559;4092;3.20;4
NotreDame_yeast.mtx;1846;2203;2.39;56
rajat04.mtx;1041;4317;8.29;660
bcsstk09.mtx;1083;8677;16.02;22
lp_ken_07.mtx;3602;8396;4.66;53
can_634.mtx;634;3297;10.40;27
fs_680_3.mtx;680;1464;4.31;13
fpga_dcop_02.mtx;1220;2810;4.61;35
can_715.mtx;715;2975;8.32;104
Sieber.mtx;2290;8008;6.99;2288
Trefethen_200.mtx;200;1345;13.45;15
p0291.mtx;543;2032;7.48;105
poisson2D.mtx;367;1025;5.59;8
celegansneural.mtx;297;2148;14.46;134
jagmesh4.mtx;1440;4032;5.60;6
adder_dcop_47.mtx;1813;6384;7.04;1334
laser.mtx;3002;4000;2.66;4
nemscem.mtx;1712;3841;4.49;138
adder_dcop_63.mtx;1813;6384;7.04;1334
D_10.mtx;816;7527;18.45;50
SmaGri.mtx;1024;4916;9.60;232
lp_israel.mtx;316;2270;14.37;136
olm5000.mtx;5000;9997;4.00;5
lp_scrs8.mtx;1275;3289;5.16;45
adder_dcop_07.mtx;1813;6369;7.03;1334
fpga_dcop_03.mtx;1220;2810;4.61;35
fpga_dcop_31.mtx;1220;2810;4.61;35
bcspwr09.mtx;1723;2394;2.78;14
nos5.mtx;468;2352;10.05;22
rdb1250.mtx;1250;3025;4.84;5
GD06_Java.mtx;1538;7817;10.17;755
adder_dcop_48.mtx;1813;6384;7.04;1334
rotor2.mtx;785;8833;22.50;62
fpga_dcop_33.mtx;1220;2810;4.61;35
G34.mtx;2000;4000;4.00;4
TF11.mtx;236;1532;12.98;23
bibd_15_3.mtx;455;1362;5.99;16
wang2.mtx;2903;8095;5.58;6
685_bus.mtx;685;1282;3.74;12
lp_standgub.mtx;1383;3339;4.83;746
lp_perold.mtx;1506;6146;8.16;54
G45.mtx;1000;9990;19.98;35
cdde6.mtx;961;1860;3.87;4
abb313.mtx;313;1553;9.92;32
adder_dcop_36.mtx;1813;6384;7.04;1334
bcsstk08.mtx;1071;5943;11.10;338
lp_bandm.mtx;472;2484;10.53;75
sociopatterns-hypertext.edges;113;2196;38.87;98
circuit204.mtx;1020;3973;7.79;19
impcol_d.mtx;425;1267;5.96;15
illc1033.mtx;1033;4717;9.13;288
cage7.mtx;340;1372;8.07;15
bcsstm07.mtx;420;3416;16.27;25
jagmesh7.mtx;1138;3156;5.55;6
n4c5-b2.mtx;455;1314;5.78;17
adder_dcop_27.mtx;1813;6384;7.04;1334
adder_dcop_55.mtx;1813;6384;7.04;1334
fpga_dcop_20.mtx;1220;2810;4.61;35
adder_dcop_44.mtx;1813;6383;7.04;1334
problem1.mtx;415;1182;5.70;8
bcspwr08.mtx;1624;2213;2.73;13
stufe.mtx;1036;1868;3.61;4
watt_2.mtx;1856;4942;5.33;127
plsk1919.mtx;1919;4831;5.03;6
adder_dcop_28.mtx;1813;6384;7.04;1334
n4c5-b9.mtx;1895;6286;6.63;16
n3c5-b4.mtx;252;1166;9.25;12
adder_dcop_49.mtx;1813;6384;7.04;1334
ex21.mtx;656;9244;28.18;61
adder_dcop_23.mtx;1813;6384;7.04;1334
QRpivot.mtx;749;3796;10.14;23
grid2_dual.mtx;3136;6112;3.90;4
jagmesh2.mtx;1009;2928;5.80;6
fpga_dcop_39.mtx;1220;2810;4.61;35
adder_dcop_09.mtx;1813;6378;7.04;1334
olm1000.mtx;1000;1997;3.99;5
de063155.mtx;1679;4914;5.85;36
mk10-b1.mtx;630;1245;3.95;30
scrs8-2r.mtx;27691;58439;4.22;2056
gen1.mtx;2561;61253;47.84;1584
lp_ken_11.mtx;21349;49053;4.60;125
c-49.mtx;21132;67955;6.43;1531
p2p-Gnutella24.mtx;26518;65369;4.93;355
cvxqp3.mtx;17500;52481;6.00;16
p05.mtx;9581;53955;11.26;500
edit-frwikibooks.edges;27754;67579;4.87;7102
conf6_0-4x4-20.mtx;3072;64512;42.00;42
rajat10.mtx;30202;50101;3.32;101
dblp-cite.edges;12591;49620;7.88;709
conf5_0-4x4-18.mtx;3072;64512;42.00;42
as-caida.mtx;26475;53381;4.03;2628
rdist2.mtx;3198;55428;34.66;80
cq5.mtx;11725;50326;8.58;392
meg1.mtx;2904;58046;39.98;493
rdist3a.mtx;2398;57119;47.64;120
hvdc1.mtx;24842;68806;5.54;182
bodyy4.mtx;17546;52196;5.95;8
bodyy5.mtx;18589;55346;5.95;8
subelj_jung-j.edges;6120;50290;16.43;5655
ASIC_680ks.mtx;43445;51216;2.36;197
delaunay_n14.mtx;16384;49122;6.00;16
ca-opsahl-collaboration.edges;22015;58585;5.32;119
memplus.mtx;17758;54196;6.10;573
rosen10.mtx;6152;62136;20.20;3885
comsol.mtx;1500;48119;64.16;179
bayer02.mtx;13935;63615;9.13;48
conf5_0-4x4-26.mtx;3072;64512;42.00;42
ted_B_unscaled.mtx;6363;66987;21.06;48
as-caida20071105.edges;26475;53381;4.03;2628
ex8.mtx;3096;51624;33.35;74
conf6_0-4x4-30.mtx;3072;64512;42.00;42
fd18.mtx;16428;63405;7.72;14
mk12-b5.mtx;62097;62092;2.00;8
p2p-Gnutella25.mtx;22687;54705;4.82;66
conf5_0-4x4-10.mtx;3072;64512;42.00;42
c-39.mtx;9271;63770;13.76;667
ted_B.mtx;6363;66987;21.06;48
aft02.mtx;8184;59789;14.61;81
cti.mtx;16840;48232;5.73;6
mplate.mtx;5962;68114;22.85;35
lp_pds_06.mtx;29351;63219;4.31;99
c-42.mtx;10471;49907;9.53;1281
gen.mtx;2561;61253;47.84;1584
crystm01.mtx;4875;50232;20.61;26
piston.mtx;2025;48995;48.39;62
fe_sphere.mtx;16386;49152;6.00;6
pds10.mtx;16558;66550;8.04;96
aa6.mtx;7292;51701;14.18;366
lp_fit2p.mtx;13525;50158;7.42;2999
conf5_0-4x4-14.mtx;3072;64512;42.00;42
psse1.mtx;14318;57356;8.01;42
air05.mtx;7195;52091;14.48;410
cage10.mtx;11397;69624;12.22;24
nemspmm1.mtx;8903;55835;12.54;416
stokes64.mtx;12546;65792;10.49;12
bcsstk15.mtx;3942;56934;28.89;43
fs-FA.mtx;10617;63788;12.02;332
movielens-10m_ui.edges;7601;55384;14.57;1638
se.mtx;32768;48856;2.98;4
ex3sta1.mtx;17516;68764;7.85;54
utm5940.mtx;5940;57295;19.29;29
c-43.mtx;11125;56275;10.12;2619
subelj_jdk.edges;6434;53658;16.68;5923
l30.mtx;16281;52071;6.40;36
abtaha1.mtx;14596;51283;7.03;341
aug3dcqp.mtx;35327;49979;2.83;9
ch7-9-b2.mtx;17640;52909;6.00;39
stokes64s.mtx;12546;65792;10.49;12
ch8-8-b2.mtx;18816;56437;6.00;40
bcsstk18.mtx;11214;68571;12.23;48
model9.mtx;10935;55912;10.23;217
edit-frwikinews.edges;25042;68675;5.48;10991
mhd4800a.mtx;4793;61886;25.82;37
aa5.mtx;8308;65918;15.87;359
pcb3000.mtx;7732;57427;14.85;6084
lp22.mtx;16392;65561;8.00;81
rel7.mtx;12771;50613;7.93;98
edit-enwikibooks.edges;8379;51333;12.25;3323
model7.mtx;9560;51026;10.67;254
Chem97Zt.mtx;31022;62041;4.00;971
ch7-6-b3.mtx;12600;50388;8.00;17
misc-jung-code-dep.edges;6120;50290;16.43;5655
FA.mtx;10617;63788;12.02;332
memchip.mtx;37595;69632;3.70;6
lasagne-spanishbook.edges;12643;55019;8.70;5169
bodyy6.mtx;19366;57691;5.96;8
cca.mtx;49152;69632;2.83;3
aft01.mtx;8205;58681;14.30;20
ex31.mtx;3909;55724;28.51;74
juba40k.mtx;38824;69297;3.57;33
conf5_0-4x4-22.mtx;3072;64512;42.00;42
as-22july06.mtx;22963;48436;4.22;2390
c-46.mtx;14913;57742;7.74;1396
bayer03.mtx;6747;56099;16.63;76
car4.mtx;32992;63664;3.86;112
epb1.mtx;14734;51027;6.93;8
mk11-b3.mtx;17325;69289;8.00;15
lp_wood1p.mtx;2595;69837;53.82;2592
nemspmm2.mtx;8734;68224;15.62;635
mk11-b4.mtx;17325;51971;6.00;9
co5.mtx;12286;56584;9.21;423
jan99jac040.mtx;13694;69028;10.08;167
aa4.mtx;7195;52091;14.48;410
testbig.mtx;31223;61631;3.95;805
air02.mtx;6774;61529;18.17;3733
bibd_49_3.mtx;18424;55269;6.00;50
jan99jac040sc.mtx;13694;69028;10.08;167
nasa4704.mtx;4704;50026;21.27;41
rail_20209.mtx;20209;59512;5.89;10
bauru5727.mtx;33377;54991;3.30;33
ex9.mtx;3363;48054;28.58;49
lpi_bgindy.mtx;10880;66249;12.18;1176
bloweybl.mtx;30002;49999;3.33;10001
fvs021;1846;2203;2.39;56
clh-10-2;965;2922;6.06;30
cpan-distributions;2719;5018;3.69;509
celegans;297;2148;14.46;134
clh-10-0;980;2922;5.96;32
sb-10-2;1023;3118;6.10;16
cpan-authors;839;2112;5.03;327
planar1302;1302;3900;5.99;110
cl-10-1;930;2960;6.37;37
fvs056;1723;2394;2.78;14
yeast;2361;7182;6.08;66
fvs052;1624;2213;2.73;13
sb-10-0;1021;3032;5.94;16
planar1500;1498;3900;5.21;121
fvs014;1782;8581;9.63;132
fvs008;1846;2203;2.39;56
planar2000;1960;3900;3.98;100
sb-10-1;1021;3064;6.00;18
clh-10-1;965;2869;5.95;30
codeminer;724;1017;2.81;55
diseasome;1419;2738;3.86;84
fvs078;3120;3684;2.36;9
airlines;235;1297;11.04;130
sp_data_school_day_2;238;5539;46.55;88
power;4941;6594;2.67;19
fvs004;270;1726;12.79;130
netscience;1461;2742;3.75;34
cl-10-2;943;3141;6.66;39
fvs023;335;1025;6.12;16
planar3000;2674;3900;2.92;100
cl-10-0;933;3046;6.53;38
planar2500;2355;3900;3.31;90
latin_square_10.col;901;307351;682.24;684
flat300_20_0.col;301;21376;142.03;160
DSJC1000.9.col;1001;449450;898.00;924
flat1000_76_0.col;1001;246709;492.93;532
school1_nsh.col;353;14613;82.79;232
DSJR500.1c.col;501;121276;484.14;497
le450_15c.col;451;16681;73.97;139
flat1000_50_0.col;1001;245001;489.51;520
DSJC500.5.col;501;62625;250.00;286
le450_15d.col;451;16751;74.28;138
flat300_26_0.col;301;21634;143.75;158
inithx.i.1.col;520;18708;71.95;502
inithx.i.3.col;560;13970;49.89;542
DSJC1000.1.col;1001;49630;99.16;127
DSJR500.5.col;501;58863;234.98;388
DSJC250.5.col;251;15669;124.85;147
DSJC250.9.col;251;27898;222.29;234
le450_25d.col;451;17426;77.28;157
flat1000_60_0.col;1001;245831;491.17;524
DSJC500.9.col;501;112438;448.85;471
inithx.i.2.col;559;13980;50.02;541
flat300_28_0.col;301;21696;144.16;162
school1.col;386;19096;98.94;282
le450_25c.col;451;17344;76.91;179
fpsol2.i.1.col;270;11655;86.33;252
DSJC500.1.col;501;12459;49.74;68
DSJC1000.5.col;1001;249827;499.15;551
facebook-links.txt;63731;817090;25.64;1098
panama.txt;556686;702437;2.52;7015
offshore.txt;278877;505965;3.63;37336
paradise.txt;542102;794545;2.93;35359
movielens_1m.txt;6040;987091;326.85;3457
out.movielens-10m_ti;16528;71067;8.60;640
out.dbpedia-location;172079;293672;3.41;12190
out.dbpedia-writer;89356;144330;3.23;247
out.edit-enwikiquote;93445;238421;5.10;16713
out.chess;7301;55899;15.31;181
out.dblp-cite;12591;49620;7.88;709
out.bookcrossing_rating_rating;185954;433638;4.66;8528
out.bibsonomy-2ut;204673;453138;4.43;21488
out.opsahl-collaboration;22015;58585;5.32;119
out.douban;154908;327162;4.22;287
out.youtube-groupmemberships;94238;293331;6.23;7593
out.subelj_jung-j_jung-j;6120;50290;16.43;5655
out.dbpedia-recordlabel;168277;233271;2.77;7448
out.subelj_jdk_jdk;6434;53658;16.68;5923
out.pics_ut;82035;447715;10.92;10477
out.movielens-10m_ui;7601;55384;14.57;1638
out.dbpedia-genre;258770;463488;3.58;24824
out.slashdot-threads;51083;116573;4.56;2915
out.enron;86978;297456;6.84;1726
out.cit-HepTh;27769;352285;25.37;2468
out.munmun_digg_reply;30360;85155;5.61;283
out.edit-frwikibooks;27754;67579;4.87;7102
out.dbpedia-starring;81085;281374;6.94;326
out.edit-enwikibooks;133449;386890;5.80;48728
out.edit-enwikinews;159990;354105;4.43;40514
out.reactome;6229;146160;46.93;855
out.foldoc;13356;91471;13.70;728
out.soc-Epinions1;75879;405740;10.69;3044
out.lkml-reply;26885;159996;11.90;2989
out.edit-frwikinews;25042;68675;5.48;10991
out.github;120865;439858;7.28;3691
out.topology;34761;107720;6.20;2760
out.p2p-Gnutella31;62586;147892;4.73;95
out.linux;30834;213217;13.83;9338
out.dbpedia-occupation;127575;250937;3.93;17998
out.cfinder-google;15763;148585;18.85;11401
out.matrix;79116;467731;11.82;2534
out.loc-brightkite_edges;58228;214078;7.35;1134
out.cit-HepPh;34546;420877;24.37;846
out.email-EuAll;265009;364481;2.75;7636
out.dbpedia-producer;138841;207262;2.99;513
out.discogs_lgenre_lgenre;270771;481655;3.56;128069
out.as-caida20071105;26475;53381;4.03;2628
out.subelj_cora_cora;23166;89157;7.70;377
out.ca-AstroPh;18771;198050;21.10;504
out.elec;7115;100693;28.30;1065
out.eat;23132;297094;25.69;1062
out.facebook-wosn-wall;45813;183413;8.01;223
AS-oregon-1.txt;11174;23409;4.19;2389
as20000102.txt;6474;12572;3.88;1458
polblogs.txt;1224;16715;27.31;351
bitcoin-otc-positive.txt;5573;18591;6.67;788
openflights.txt;2939;15677;10.67;242
linux.txt;30834;213217;13.83;9338
foldoc.txt;13356;91471;13.70;728
cit-HepTh.txt;27769;352285;25.37;2468
marvel.txt;19428;96662;9.95;1625
bn-mouse_retina_1.txt;1076;90811;168.79;744
JUNG-javax.txt;6120;50290;16.43;5655
ratbrain.txt;503;23030;91.57;497
ca-CondMat.txt;23133;93439;8.08;279
email-Enron.txt;36692;183831;10.02;1383
chess.txt;7301;55899;15.31;181
soc-advogato.txt;5167;39432;15.26;807
soc-Epinions1.txt;75879;405740;10.69;3044
AS-oregon-2.txt;11461;32730;5.71;2432
cora_citation.txt;23166;89157;7.70;377
digg.txt;30360;85155;5.61;283
lederberg.txt;8324;41532;9.98;1103
ODLIS.txt;2900;16377;11.29;592
loc-brightkite_edges.txt;58228;214078;7.35;1134
wikipedia-norm.txt;1881;15372;16.34;455
iscas89-s38417.txt;9500;10636;2.24;39
iscas89-s35932.txt;12515;15961;2.55;1440
web-california.txt;6175;15969;5.17;199
ca-HepPh.txt;12006;118489;19.74;491
advogato.txt;5155;39285;15.24;803
bahamas.txt;219856;246291;2.24;14902
EU-email-core.txt;986;16064;32.58;345
zewail.txt;6651;54183;16.29;331
soc-hamsterster.txt;2426;16630;13.71;273
twittercrawl.txt;3656;154824;84.70;1084
p2p-Gnutella04.txt;10876;39994;7.35;103
JDK_dependency.txt;6434;53658;16.68;5923
soc-gplus.txt;23628;39195;3.32;2761
iscas89-s38584.txt;9193;12573;2.74;54
soc-Slashdot0811.txt;77360;469180;12.13;2539
cit-HepPh.txt;34546;420877;24.37;846
reactome.txt;6229;146160;46.93;855
mousebrain.txt;213;16089;151.07;205
edinburgh_associative_thesaurus.txt;23132;297094;25.69;1062
out.moreno_oz_oz;217;1839;16.95;56
out.foodweb-baywet;128;2075;32.42;110
out.maayan-foodweb;183;2434;26.60;105
out.maayan-Stelzl;1702;3155;3.71;95
out.sociopatterns-hypertext;113;2196;38.87;98
out.contact;274;2124;15.50;101
out.tntp-ChicagoRegional;1467;1298;1.77;12
out.foodweb-baydry;128;2106;32.91;110
out.ego-facebook;2888;2982;2.07;769
out.radoslaw_email_email;167;3250;38.92;139
out.moreno_crime_crime;829;1473;3.55;25
out.maayan-faa;1226;2408;3.93;34
out.arenas-jazz;198;2742;27.70;100
out.opsahl-powergrid;4941;6594;2.67;19
out.unicodelang;614;1245;4.06;142
out.mit;96;2539;52.90;92
out.maayan-vidal;3023;6149;4.07;129
out.sociopatterns-infectious;410;2765;13.49;50
out.dnc-temporalGraph;1866;4384;4.70;402
out.subelj_euroroad_euroroad;1174;1417;2.41;10
out.opsahl-ucforum;899;7019;15.62;126
out.arenas-email;1133;5451;9.62;71
out.moreno_names_names;1773;9131;10.30;364
out.maayan-figeys;2239;6432;5.75;314
out.arenas-meta;453;2025;8.94;237
out.moreno_mac_mac;62;1167;37.65;55
out.moreno_propro_propro;1846;2203;2.39;56
jean.col;78;255;6.54;36
myciel6.col;96;756;15.75;48
queen5_5_simple.col;28;162;11.57;16
myciel4.col;24;72;6.00;12
huck.col;75;302;8.05;53
queen6_6.col;37;291;15.73;19
games120.col;121;639;10.56;13
myciel5.col;48;237;9.88;24
queen8_8.col;65;729;22.43;27
myciel3.col;12;21;3.50;6
anna.col;139;494;7.11;71
DSJC125.1.col;126;737;11.70;23
david.col;88;407;9.25;82
myciel2.col;5;5;2.00;2
miles250.col;126;388;6.16;16
queen7_7.col;50;477;19.08;24
queen5_5.col;26;161;12.38;16
